ID	RFQ_MASTER_ID	ACTION_NAME	PRODUCT_FAMILY	OLD_PRODUCT_FAMILY	RECEIVE_DATE	RFQ_STATUS	EST_PROD_REVENUE	EST_SALES_QTY	EST_PROD_COST	DB_YEAR	DB_DATE	SI_DATE	PV_DATE	RTM_DATE	FCS_DATE	LIFE_CYCLE	END_YEAR	END_DATE	LOST_REASON_CODE	LOST_REASON_DESC	YLY_SHIPMENT_ONLY	REMARK	EDITOR	CDT
1	1	Add	PAF2	PAF2	2021-01-10 00:00:00.000	On-going	110.00	100	50.00	2021	2021-02-01 00:00:00.000	2021-04-01 00:00:00.000	2021-06-01 00:00:00.000	2021-08-01 00:00:00.000	2021-12-01 00:00:00.000	15	NULL	NULL			NULL		admin	2022-06-29 09:09:20.880
2	2	Add	PAF2	PAF2	2021-01-01 00:00:00.000	On-going	500000.00	500000	100.00	2021	2021-03-01 00:00:00.000	2021-05-01 00:00:00.000	2021-07-01 00:00:00.000	2021-10-01 00:00:00.000	2021-12-01 00:00:00.000	15	NULL	NULL			NULL		iec960923	2022-06-29 22:45:45.180
3	3	Add	PAF2	PAF2	2021-01-10 00:00:00.000	On-going	500000.00	500000	1000.00	2021	2021-03-01 00:00:00.000	2021-05-01 00:00:00.000	2021-07-01 00:00:00.000	2021-09-01 00:00:00.000	2021-12-01 00:00:00.000	15	NULL	NULL			NULL		iec960923	2022-06-29 22:47:12.470
4	3	Modify	PAF2	PAF2	2021-01-10 00:00:00.000	On-going	500000.00	500000	1000.00	2021	2021-03-01 00:00:00.000	2021-05-01 00:00:00.000	2021-07-01 00:00:00.000	2021-09-01 00:00:00.000	2021-12-31 00:00:00.000	15	NULL	NULL			NULL		iec960923	2022-06-29 22:47:40.730
5	3	Modify	PAF2	PAF2	2021-01-10 00:00:00.000	On-going	500000.00	500000	1000.00	2021	2021-03-01 00:00:00.000	2021-05-01 00:00:00.000	2021-07-01 00:00:00.000	2021-09-15 00:00:00.000	2021-12-31 00:00:00.000	15	NULL	NULL			NULL		iec960923	2022-06-29 22:50:21.763
6	4	Add	LOCKHEED13	LOCKHEED13	2021-08-10 00:00:00.000	On-going	50.00	300000	20.00	2021	2021-09-22 00:00:00.000	2021-10-24 00:00:00.000	2022-01-25 00:00:00.000	2022-02-06 00:00:00.000	2022-03-21 00:00:00.000	12	NULL	NULL			NULL		iec880176	2022-07-05 14:45:25.780
7	4	Modify	LOCKHEED13	LOCKHEED13	2021-08-10 00:00:00.000	On-going	50.00	300000	20.00	2021	2021-09-22 00:00:00.000	2021-10-24 00:00:00.000	2022-01-25 00:00:00.000	2022-02-06 00:00:00.000	2022-03-21 00:00:00.000	15	NULL	NULL			NULL		iec880176	2022-07-05 14:46:34.033
8	4	Modify	LOCKHEED13	LOCKHEED13	2021-08-10 00:00:00.000	On-going	50.00	300000	20.00	2021	2021-09-22 00:00:00.000	2021-10-24 00:00:00.000	2022-01-25 00:00:00.000	2022-02-06 00:00:00.000	2022-03-21 00:00:00.000	18	NULL	NULL			NULL		iec880176	2022-07-05 15:00:38.950
9	4	Modify	LOCKHEED13	LOCKHEED13	2021-08-10 00:00:00.000	On-going	50.00	300000	20.00	2021	2021-09-22 00:00:00.000	2021-10-24 00:00:00.000	2022-01-25 00:00:00.000	2022-02-06 00:00:00.000	2022-03-21 00:00:00.000	20	NULL	NULL			NULL		iec880176	2022-07-05 16:13:12.507
10	5	Add	Anole 1.0G9	Anole 1.0G9	2020-12-06 00:00:00.000	On-going	6249.60	560	6233.19	2021	2021-02-18 00:00:00.000	2021-06-25 00:00:00.000	2021-08-23 00:00:00.000	2021-11-15 00:00:00.000	2022-01-01 00:00:00.000	18	NULL	NULL			NULL		IEC000411	2022-07-05 18:19:46.070
11	6	Add	Arclight 1.0 G9	Arclight 1.0 G9	2020-12-06 00:00:00.000	On-going	1553.47	116	1543.83	2021	2021-02-18 00:00:00.000	2021-06-25 00:00:00.000	2021-08-23 00:00:00.000	2021-11-15 00:00:00.000	2022-01-01 00:00:00.000	18	NULL	NULL			NULL		IEC000411	2022-07-05 18:19:46.163
12	7	Add	Anole 2.0G10	Anole 2.0G10	2020-12-06 00:00:00.000	On-going	1288.98	140	1284.61	2021	2021-07-17 00:00:00.000	2021-09-17 00:00:00.000	2021-12-06 00:00:00.000	2022-04-06 00:00:00.000	2022-05-06 00:00:00.000	18	NULL	NULL			NULL		IEC000411	2022-07-05 18:19:46.253
13	8	Add	Arclight 2.0G10	Arclight 2.0G10	2020-12-06 00:00:00.000	On-going	1992.06	204	1969.24	2021	2021-07-17 00:00:00.000	2021-09-17 00:00:00.000	2021-12-06 00:00:00.000	2022-04-06 00:00:00.000	2022-05-06 00:00:00.000	18	NULL	NULL			NULL		IEC000411	2022-07-05 18:19:46.337
14	9	Add	Zonin 31	Zonin 31	2020-08-24 00:00:00.000	On-going	4185.00	150	4130.60	2020	2020-12-09 00:00:00.000	2021-06-04 00:00:00.000	2021-08-19 00:00:00.000	2021-12-03 00:00:00.000	2022-01-07 00:00:00.000	18	NULL	NULL			NULL		IEC000411	2022-07-05 18:19:46.423
15	10	Add	MAGNETA	MAGNETA	2020-03-10 00:00:00.000	On-going	19077.00	330	18832.00	2021	2021-05-22 00:00:00.000	2021-07-19 00:00:00.000	2021-11-22 00:00:00.000	2022-03-02 00:00:00.000	2022-04-01 00:00:00.000	18	NULL	NULL			NULL		iec050159	2022-07-06 10:56:45.287
16	11	Add	STARFOX	STARFOX	2020-12-16 00:00:00.000	On-going	13733.00	460	13641.00	2021	2021-04-09 00:00:00.000	2021-06-09 00:00:00.000	2021-10-28 00:00:00.000	2022-03-04 00:00:00.000	2022-04-07 00:00:00.000	18	NULL	NULL			NULL		iec050159	2022-07-06 10:57:02.180
17	12	Add	WARPATH14	WARPATH14	2020-11-21 00:00:00.000	On-going	57376.00	2569	57035.00	2021	2021-03-12 00:00:00.000	2021-05-28 00:00:00.000	2021-10-29 00:00:00.000	2022-02-21 00:00:00.000	2022-03-31 00:00:00.000	18	NULL	NULL			NULL		iec050159	2022-07-06 10:57:44.373
18	12	Modify	WARPATH14	WARPATH14	2020-11-21 00:00:00.000	Award	57376.00	2569	57035.00	2021	2021-03-12 00:00:00.000	2021-05-28 00:00:00.000	2021-10-29 00:00:00.000	2022-02-21 00:00:00.000	2022-03-31 00:00:00.000	18	2021	2021-01-19 00:00:00.000			NULL		iec050159	2022-07-06 11:02:13.963
19	11	Modify	STARFOX	STARFOX	2020-12-16 00:00:00.000	Award	13733.00	460	13641.00	2021	2021-04-09 00:00:00.000	2021-06-09 00:00:00.000	2021-10-28 00:00:00.000	2022-03-04 00:00:00.000	2022-04-07 00:00:00.000	18	2021	2021-02-24 00:00:00.000			NULL		iec050159	2022-07-06 11:33:15.500
20	10	Modify	MAGNETA	MAGNETA	2020-03-10 00:00:00.000	Award	19077.00	330	18832.00	2021	2021-05-22 00:00:00.000	2021-07-19 00:00:00.000	2021-11-22 00:00:00.000	2022-03-02 00:00:00.000	2022-04-01 00:00:00.000	18	2020	2020-03-25 00:00:00.000			NULL		iec050159	2022-07-06 11:33:39.353
21	3	Modify	PAF2	PAF2	2021-01-10 00:00:00.000	On-going	500000.99	500000	1000.00	2021	2021-03-01 00:00:00.000	2021-05-01 00:00:00.000	2021-07-01 00:00:00.000	2021-09-15 00:00:00.000	2021-12-31 00:00:00.000	15	NULL	NULL			NULL		admin	2022-07-06 13:24:34.233
22	13	Add	Ultron	Ultron	2021-05-20 00:00:00.000	On-going	2042.00	61	2011.00	2021	2021-07-26 00:00:00.000	2021-10-16 00:00:00.000	2022-03-08 00:00:00.000	2022-06-10 00:00:00.000	2022-07-26 00:00:00.000	18	NULL	NULL			NULL		iec050159	2022-07-06 13:39:22.407
23	13	Modify	Ultron	Ultron	2021-05-20 00:00:00.000	Award	2042.00	61	2011.00	2021	2021-07-26 00:00:00.000	2021-10-16 00:00:00.000	2022-03-08 00:00:00.000	2022-06-10 00:00:00.000	2022-07-26 00:00:00.000	18	2021	2021-05-28 00:00:00.000			NULL		iec050159	2022-07-06 13:39:56.250
24	14	Add	WARPATH13	WARPATH13	2020-11-21 00:00:00.000	On-going	20035.00	915	19956.00	2021	2021-03-12 00:00:00.000	2021-05-28 00:00:00.000	2021-10-29 00:00:00.000	2022-02-21 00:00:00.000	2022-03-31 00:00:00.000	18	NULL	NULL			NULL		iec050159	2022-07-06 13:40:34.450
25	15	Add	WARPATH16	WARPATH16	2020-11-21 00:00:00.000	On-going	14245.00	596	14168.00	2021	2021-03-12 00:00:00.000	2021-05-28 00:00:00.000	2021-10-29 00:00:00.000	2022-02-21 00:00:00.000	2022-03-31 00:00:00.000	18	NULL	NULL			NULL		iec050159	2022-07-06 13:40:48.727
26	16	Add	WARPATHW14	WARPATHW14	2020-11-21 00:00:00.000	On-going	5622.00	201	5595.00	2021	2021-03-12 00:00:00.000	2021-05-28 00:00:00.000	2021-10-29 00:00:00.000	2022-02-21 00:00:00.000	2022-03-31 00:00:00.000	18	NULL	NULL			NULL		iec050159	2022-07-06 13:41:00.540
27	17	Add	WARPATHW16	WARPATHW16	2020-11-21 00:00:00.000	On-going	3248.00	109	3234.00	2021	2021-03-12 00:00:00.000	2021-05-28 00:00:00.000	2021-10-29 00:00:00.000	2022-02-21 00:00:00.000	2022-03-31 00:00:00.000	18	NULL	NULL			NULL		iec050159	2022-07-06 13:41:09.640
28	18	Add	POWDERKEG	POWDERKEG	2020-11-21 00:00:00.000	On-going	12176.00	474	12100.00	2021	2021-04-14 00:00:00.000	2021-06-09 00:00:00.000	2021-12-15 00:00:00.000	2022-02-21 00:00:00.000	2022-03-31 00:00:00.000	18	NULL	NULL			NULL		iec050159	2022-07-06 13:41:30.403
29	19	Add	WARPATH14L	WARPATH14L	2020-11-21 00:00:00.000	On-going	9181.00	374	9131.00	2021	2021-03-12 00:00:00.000	2021-05-28 00:00:00.000	2021-10-29 00:00:00.000	2022-02-21 00:00:00.000	2022-03-31 00:00:00.000	18	NULL	NULL			NULL		iec050159	2022-07-06 13:41:30.490
30	20	Add	WARPATH14LX	WARPATH14LX	2020-11-21 00:00:00.000	On-going	6413.00	225	6377.00	2021	2021-04-14 00:00:00.000	2021-06-09 00:00:00.000	2021-12-15 00:00:00.000	2022-02-21 00:00:00.000	2022-03-31 00:00:00.000	18	NULL	NULL			NULL		iec050159	2022-07-06 13:41:30.597
31	21	Add	LOCKHEED14	LOCKHEED14	2020-11-21 00:00:00.000	On-going	18788.00	819	18761.00	2021	2021-04-12 00:00:00.000	2021-09-25 00:00:00.000	2021-12-17 00:00:00.000	2022-03-25 00:00:00.000	2022-04-28 00:00:00.000	18	NULL	NULL			NULL		iec050159	2022-07-06 13:41:30.710
32	21	Modify	LOCKHEED14	LOCKHEED14	2020-11-21 00:00:00.000	Award	18788.00	819	18761.00	2021	2021-04-12 00:00:00.000	2021-09-25 00:00:00.000	2021-12-17 00:00:00.000	2022-03-25 00:00:00.000	2022-04-28 00:00:00.000	18	2021	2021-01-19 00:00:00.000			NULL		iec050159	2022-07-06 13:42:35.267
33	18	Modify	POWDERKEG	POWDERKEG	2020-11-21 00:00:00.000	Award	12176.00	474	12100.00	2021	2021-04-14 00:00:00.000	2021-06-09 00:00:00.000	2021-12-15 00:00:00.000	2022-02-21 00:00:00.000	2022-03-31 00:00:00.000	18	2021	2021-01-19 00:00:00.000			NULL		iec050159	2022-07-06 13:42:49.967
34	14	Modify	WARPATH13	WARPATH13	2020-11-21 00:00:00.000	Award	20035.00	915	19956.00	2021	2021-03-12 00:00:00.000	2021-05-28 00:00:00.000	2021-10-29 00:00:00.000	2022-02-21 00:00:00.000	2022-03-31 00:00:00.000	18	2021	2021-01-19 00:00:00.000			NULL		iec050159	2022-07-06 13:43:03.810
35	19	Modify	WARPATH14L	WARPATH14L	2020-11-21 00:00:00.000	Award	9181.00	374	9131.00	2021	2021-03-12 00:00:00.000	2021-05-28 00:00:00.000	2021-10-29 00:00:00.000	2022-02-21 00:00:00.000	2022-03-31 00:00:00.000	18	2021	2021-01-19 00:00:00.000			NULL		iec050159	2022-07-06 13:43:13.600
36	20	Modify	WARPATH14LX	WARPATH14LX	2020-11-21 00:00:00.000	Award	6413.00	225	6377.00	2021	2021-04-14 00:00:00.000	2021-06-09 00:00:00.000	2021-12-15 00:00:00.000	2022-02-21 00:00:00.000	2022-03-31 00:00:00.000	18	2021	2021-01-19 00:00:00.000			NULL		iec050159	2022-07-06 13:43:24.080
37	15	Modify	WARPATH16	WARPATH16	2020-11-21 00:00:00.000	Award	14245.00	596	14168.00	2021	2021-03-12 00:00:00.000	2021-05-28 00:00:00.000	2021-10-29 00:00:00.000	2022-02-21 00:00:00.000	2022-03-31 00:00:00.000	18	2021	2021-01-19 00:00:00.000			NULL		iec050159	2022-07-06 13:43:34.047
38	16	Modify	WARPATHW14	WARPATHW14	2020-11-21 00:00:00.000	Award	5622.00	201	5595.00	2021	2021-03-12 00:00:00.000	2021-05-28 00:00:00.000	2021-10-29 00:00:00.000	2022-02-21 00:00:00.000	2022-03-31 00:00:00.000	18	2021	2021-01-19 00:00:00.000			NULL		iec050159	2022-07-06 13:43:43.343
39	17	Modify	WARPATHW16	WARPATHW16	2020-11-21 00:00:00.000	Award	3248.00	109	3234.00	2021	2021-03-12 00:00:00.000	2021-05-28 00:00:00.000	2021-10-29 00:00:00.000	2022-02-21 00:00:00.000	2022-03-31 00:00:00.000	18	2021	2021-01-19 00:00:00.000			NULL		iec050159	2022-07-06 13:43:54.160
40	5	Modify	Anole 1.0G9	Anole 1.0G9	2020-12-06 00:00:00.000	On-going	6249.60	560	6233.00	2021	2021-02-18 00:00:00.000	2021-06-25 00:00:00.000	2021-08-23 00:00:00.000	2021-11-15 00:00:00.000	2022-01-01 00:00:00.000	18	NULL	NULL			NULL		iec050159	2022-07-06 14:12:07.270
41	5	Modify	Anole 1.0G9	Anole 1.0G9	2020-12-06 00:00:00.000	On-going	6250.00	560	6233.00	2021	2021-02-18 00:00:00.000	2021-06-25 00:00:00.000	2021-08-23 00:00:00.000	2021-11-15 00:00:00.000	2022-01-01 00:00:00.000	18	NULL	NULL			NULL		iec050159	2022-07-06 14:13:45.840
42	7	Modify	Anole 2.0G10	Anole 2.0G10	2020-12-06 00:00:00.000	On-going	1289.00	140	1285.00	2021	2021-07-17 00:00:00.000	2021-09-17 00:00:00.000	2021-12-06 00:00:00.000	2022-04-06 00:00:00.000	2022-05-06 00:00:00.000	18	NULL	NULL			NULL		iec050159	2022-07-06 14:14:17.703
43	6	Modify	Arclight 1.0 G9	Arclight 1.0 G9	2020-12-06 00:00:00.000	On-going	1553.00	116	1544.00	2021	2021-02-18 00:00:00.000	2021-06-25 00:00:00.000	2021-08-23 00:00:00.000	2021-11-15 00:00:00.000	2022-01-01 00:00:00.000	18	NULL	NULL			NULL		iec050159	2022-07-06 14:14:37.930
44	8	Modify	Arclight 2.0G10	Arclight 2.0G10	2020-12-06 00:00:00.000	On-going	1992.00	204	1969.00	2021	2021-07-17 00:00:00.000	2021-09-17 00:00:00.000	2021-12-06 00:00:00.000	2022-04-06 00:00:00.000	2022-05-06 00:00:00.000	18	NULL	NULL			NULL		iec050159	2022-07-06 14:14:55.867
45	9	Modify	Zonin 31	Zonin 31	2020-08-24 00:00:00.000	On-going	4185.00	150	4131.00	2020	2020-12-09 00:00:00.000	2021-06-04 00:00:00.000	2021-08-19 00:00:00.000	2021-12-03 00:00:00.000	2022-01-07 00:00:00.000	18	NULL	NULL			NULL		iec050159	2022-07-06 14:15:18.210
46	22	Add	LOCKHEED13	LOCKHEED13	2020-11-21 00:00:00.000	On-going	4996.00	227	4978.00	2021	2021-04-12 00:00:00.000	2021-09-25 00:00:00.000	2021-12-17 00:00:00.000	2022-03-25 00:00:00.000	2022-04-28 00:00:00.000	18	NULL	NULL			NULL		iec050159	2022-07-06 14:17:05.220
47	23	Add	LOCKHEED16	LOCKHEED16	2020-11-21 00:00:00.000	On-going	5972.00	245	5949.00	2021	2021-04-12 00:00:00.000	2021-09-25 00:00:00.000	2021-12-17 00:00:00.000	2022-03-25 00:00:00.000	2022-04-28 00:00:00.000	18	NULL	NULL			NULL		iec050159	2022-07-06 14:17:05.303
48	22	Modify	LOCKHEED13	LOCKHEED13	2020-11-21 00:00:00.000	Award	4996.00	227	4978.00	2021	2021-04-12 00:00:00.000	2021-09-25 00:00:00.000	2021-12-17 00:00:00.000	2022-03-25 00:00:00.000	2022-04-28 00:00:00.000	18	2021	2021-01-19 00:00:00.000			NULL		iec050159	2022-07-06 14:17:33.293
49	23	Modify	LOCKHEED16	LOCKHEED16	2020-11-21 00:00:00.000	Award	5972.00	245	5949.00	2021	2021-04-12 00:00:00.000	2021-09-25 00:00:00.000	2021-12-17 00:00:00.000	2022-03-25 00:00:00.000	2022-04-28 00:00:00.000	18	2021	2021-01-19 00:00:00.000			NULL		iec050159	2022-07-06 14:17:43.380
50	5	Modify	Anole 1.0G9	Anole 1.0G9	2020-12-06 00:00:00.000	Award	6250.00	560	6233.00	2021	2021-02-18 00:00:00.000	2021-06-25 00:00:00.000	2021-08-23 00:00:00.000	2021-11-15 00:00:00.000	2022-01-01 00:00:00.000	18	2021	2021-02-08 00:00:00.000			NULL		iec050159	2022-07-06 17:17:05.047
51	7	Modify	Anole 2.0G10	Anole 2.0G10	2020-12-06 00:00:00.000	Award	1289.00	140	1285.00	2021	2021-07-17 00:00:00.000	2021-09-17 00:00:00.000	2021-12-06 00:00:00.000	2022-04-06 00:00:00.000	2022-05-06 00:00:00.000	18	2021	2021-02-08 00:00:00.000			NULL		iec050159	2022-07-06 17:17:19.030
52	6	Modify	Arclight 1.0 G9	Arclight 1.0 G9	2020-12-06 00:00:00.000	Award	1553.00	116	1544.00	2021	2021-02-18 00:00:00.000	2021-06-25 00:00:00.000	2021-08-23 00:00:00.000	2021-11-15 00:00:00.000	2022-01-01 00:00:00.000	18	2021	2021-02-08 00:00:00.000			NULL		iec050159	2022-07-06 17:17:27.003
53	8	Modify	Arclight 2.0G10	Arclight 2.0G10	2020-12-06 00:00:00.000	Award	1992.00	204	1969.00	2021	2021-07-17 00:00:00.000	2021-09-17 00:00:00.000	2021-12-06 00:00:00.000	2022-04-06 00:00:00.000	2022-05-06 00:00:00.000	18	2021	2021-02-08 00:00:00.000			NULL		iec050159	2022-07-06 17:17:34.737
54	9	Modify	Zonin 31	Zonin 31	2020-08-24 00:00:00.000	Award	4185.00	150	4131.00	2020	2020-12-09 00:00:00.000	2021-06-04 00:00:00.000	2021-08-19 00:00:00.000	2021-12-03 00:00:00.000	2022-01-07 00:00:00.000	18	2020	2020-12-03 00:00:00.000			NULL		iec050159	2022-07-06 17:17:52.670
55	3	Modify	PAF2	PAF2	2021-01-10 00:00:00.000	On-going	5200000.00	500000	2356000.00	2021	2021-03-01 00:00:00.000	2021-05-01 00:00:00.000	2021-07-01 00:00:00.000	2021-09-15 00:00:00.000	2021-12-31 00:00:00.000	15	NULL	NULL			NULL		IEC070511	2022-07-06 17:47:17.667
59	27	Add	PA81	PA81	2021-01-01 00:00:00.000	On-going	4000000.00	2000000	30000.00	2021	2021-02-01 00:00:00.000	2021-05-01 00:00:00.000	2021-07-01 00:00:00.000	2021-11-01 00:00:00.000	2022-01-20 00:00:00.000	15	NULL	NULL			NULL		admin	2022-07-11 10:38:56.070
63	30	Add	2022-EMS	2022-EMS	2020-10-07 00:00:00.000	On-going	38400000000.00	640000	36000000000.00	2021	2021-05-26 00:00:00.000	2021-09-28 00:00:00.000	2021-11-21 00:00:00.000	2022-01-15 00:00:00.000	2022-01-26 00:00:00.000	12	NULL	NULL			NULL		IEC940917	2022-07-11 10:59:11.667
64	30	Modify	2022-EMS	2022-EMS	2020-10-07 00:00:00.000	Award	38400000000.00	640000	36000000000.00	2021	2021-05-26 00:00:00.000	2021-09-28 00:00:00.000	2021-11-21 00:00:00.000	2022-01-15 00:00:00.000	2022-01-26 00:00:00.000	12	2020	2020-12-29 00:00:00.000			NULL		IEC940917	2022-07-11 11:01:54.377
65	31	Add	2022-Strix	2022-Strix	2020-10-07 00:00:00.000	On-going	54000000000.00	900000	50000000000.00	2021	2021-07-08 00:00:00.000	2021-09-27 00:00:00.000	2021-11-18 00:00:00.000	2022-01-10 00:00:00.000	2022-01-24 00:00:00.000	12	NULL	NULL			NULL		IEC940917	2022-07-11 11:23:56.003
66	31	Modify	2022-Strix	2022-Strix	2020-10-07 00:00:00.000	Award	54000000000.00	900000	50000000000.00	2021	2021-07-08 00:00:00.000	2021-09-27 00:00:00.000	2021-11-18 00:00:00.000	2022-01-10 00:00:00.000	2022-01-24 00:00:00.000	12	2020	2020-12-29 00:00:00.000			NULL		IEC940917	2022-07-11 11:24:52.823
67	32	Add	PA81	PA81	2021-01-01 00:00:00.000	On-going	5000000.00	3000000	30000.00	2021	2021-03-01 00:00:00.000	2021-05-01 00:00:00.000	2021-07-01 00:00:00.000	2021-09-01 00:00:00.000	2021-12-01 00:00:00.000	15	NULL	NULL			NULL		admin	2022-07-11 11:26:26.993
68	32	ChangeFamily	PA82	PA81	2021-01-01 00:00:00.000	On-going	5000000.00	3000000	30000.00	2021	2021-03-01 00:00:00.000	2021-05-01 00:00:00.000	2021-07-01 00:00:00.000	2021-09-01 00:00:00.000	2021-12-01 00:00:00.000	15	NULL	NULL			NULL		admin	2022-07-11 11:26:50.317
69	32	Modify	PA82	PA82	2021-01-01 00:00:00.000	On-going	50000000.00	3000000	199900.00	2021	2021-03-01 00:00:00.000	2021-05-01 00:00:00.000	2021-07-01 00:00:00.000	2021-09-01 00:00:00.000	2021-12-01 00:00:00.000	15	NULL	NULL			NULL		admin	2022-07-11 11:28:24.163
70	3	Modify	PAF2	PAF2	2021-01-10 00:00:00.000	On-going	52000000000.00	50000000	1234560000.00	2021	2021-03-01 00:00:00.000	2021-05-01 00:00:00.000	2021-07-01 00:00:00.000	2021-09-15 00:00:00.000	2021-12-31 00:00:00.000	15	NULL	NULL			NULL		admin	2022-07-11 11:29:18.633
71	33	Add	2022-Robu	2022-Robu	2021-05-31 00:00:00.000	On-going	4500000000.00	150000	4000000000.00	2021	2021-07-27 00:00:00.000	2021-11-08 00:00:00.000	2022-01-14 00:00:00.000	2022-02-27 00:00:00.000	2022-03-12 00:00:00.000	18	NULL	NULL			NULL		IEC940917	2022-07-11 13:51:20.840
72	33	Modify	2022-Robu	2022-Robu	2021-05-31 00:00:00.000	Award	4500000000.00	150000	4000000000.00	2021	2021-07-27 00:00:00.000	2021-11-08 00:00:00.000	2022-01-14 00:00:00.000	2022-02-27 00:00:00.000	2022-03-12 00:00:00.000	18	2021	2021-05-31 00:00:00.000			NULL		IEC940917	2022-07-11 13:52:16.987
73	30	Modify	2022-EMS	2022-EMS	2020-10-07 00:00:00.000	Award	560000000.00	640000	549120000.00	2021	2021-05-26 00:00:00.000	2021-09-28 00:00:00.000	2021-11-21 00:00:00.000	2022-01-15 00:00:00.000	2022-01-26 00:00:00.000	12	2020	2020-12-29 00:00:00.000			NULL		IEC940917	2022-07-14 15:17:41.470
74	31	Modify	2022-Strix	2022-Strix	2020-10-07 00:00:00.000	Award	751500000.00	900000	735300000.00	2021	2021-07-08 00:00:00.000	2021-09-27 00:00:00.000	2021-11-18 00:00:00.000	2022-01-10 00:00:00.000	2022-01-24 00:00:00.000	12	2020	2020-12-29 00:00:00.000			NULL		IEC940917	2022-07-14 15:19:54.920
75	3	Modify	PAF2	PAF2	2021-01-10 00:00:00.000	Lost	52000000000.00	50000000	1234560000.00	2021	2021-03-01 00:00:00.000	2021-05-01 00:00:00.000	2021-07-01 00:00:00.000	2021-09-15 00:00:00.000	2021-12-31 00:00:00.000	15	2022	2022-07-20 00:00:00.000	Quote	exceed client expected range	NULL		admin	2022-07-19 18:06:31.227
76	30	Modify	2022-EMS	2022-EMS	2020-10-07 00:00:00.000	Award	560000000.00	690000	549120000.00	2021	2021-05-26 00:00:00.000	2021-09-28 00:00:00.000	2021-11-21 00:00:00.000	2022-01-15 00:00:00.000	2022-01-26 00:00:00.000	12	2020	2020-12-29 00:00:00.000			NULL		IEC940917	2022-07-29 18:35:16.223
77	5	Modify	Anole 1.0G9	Anole 1.0G9	2020-12-06 00:00:00.000	Award	6249600000.00	560000	6223195440.00	2021	2021-02-18 00:00:00.000	2021-06-25 00:00:00.000	2021-08-23 00:00:00.000	2021-11-15 00:00:00.000	2022-01-01 00:00:00.000	18	2021	2021-02-08 00:00:00.000			NULL		IEC000411	2022-08-05 17:38:16.323
78	7	Modify	Anole 2.0G10	Anole 2.0G10	2020-12-06 00:00:00.000	Award	1288980000.00	140000	1282378860.00	2021	2021-07-17 00:00:00.000	2021-09-17 00:00:00.000	2021-12-06 00:00:00.000	2022-04-06 00:00:00.000	2022-05-06 00:00:00.000	18	2021	2021-02-08 00:00:00.000			NULL		IEC000411	2022-08-05 17:40:02.400
79	6	Modify	Arclight 1.0 G9	Arclight 1.0 G9	2020-12-06 00:00:00.000	Award	1553472000.00	116000	1548552672.00	2021	2021-02-18 00:00:00.000	2021-06-25 00:00:00.000	2021-08-23 00:00:00.000	2021-11-15 00:00:00.000	2022-01-01 00:00:00.000	18	2021	2021-02-08 00:00:00.000			NULL		IEC000411	2022-08-05 17:41:45.740
80	8	Modify	Arclight 2.0G10	Arclight 2.0G10	2020-12-06 00:00:00.000	Award	1992060000.00	204000	1983408768.00	2021	2021-07-17 00:00:00.000	2021-09-17 00:00:00.000	2021-12-06 00:00:00.000	2022-04-06 00:00:00.000	2022-05-06 00:00:00.000	18	2021	2021-02-08 00:00:00.000			NULL		IEC000411	2022-08-05 17:42:46.827
81	9	Modify	Zonin 31	Zonin 31	2020-08-24 00:00:00.000	Award	4185000000.00	150000	4130343900.00	2020	2020-12-09 00:00:00.000	2021-06-04 00:00:00.000	2021-08-19 00:00:00.000	2021-12-03 00:00:00.000	2022-01-07 00:00:00.000	18	2020	2020-12-03 00:00:00.000			NULL		IEC000411	2022-08-05 17:43:53.483
82	34	Add	Ashmore	Ashmore	2017-06-23 00:00:00.000	On-going	19736362629.00	3075637	20169704504.00	2019	2019-09-03 00:00:00.000	2019-10-29 00:00:00.000	2019-12-12 00:00:00.000	2020-03-02 00:00:00.000	2020-04-10 00:00:00.000	36	NULL	NULL			NULL		IEC000411	2022-08-05 17:53:01.050
83	35	Add	Hedwig	Hedwig	2017-06-23 00:00:00.000	On-going	33065125884.00	4232607	33661479047.00	2019	2019-09-03 00:00:00.000	2019-10-29 00:00:00.000	2019-12-12 00:00:00.000	2020-03-02 00:00:00.000	2020-04-10 00:00:00.000	43	NULL	NULL			NULL		IEC000411	2022-08-05 17:53:01.127
84	36	Add	Eunice	Eunice	2020-03-07 00:00:00.000	On-going	13165661250.00	1348250	13285280687.00	2020	2020-09-01 00:00:00.000	2020-10-30 00:00:00.000	2020-12-18 00:00:00.000	2021-02-09 00:00:00.000	2021-03-02 00:00:00.000	34	NULL	NULL			NULL		IEC000411	2022-08-05 17:53:01.193
85	37	Add	Vlad	Vlad	2020-03-07 00:00:00.000	On-going	28815700320.00	2582052	29179498537.00	2020	2020-09-01 00:00:00.000	2020-10-30 00:00:00.000	2020-12-18 00:00:00.000	2021-02-09 00:00:00.000	2021-03-02 00:00:00.000	34	NULL	NULL			NULL		IEC000411	2022-08-05 17:53:01.263
86	38	Add	Hokie	Hokie	2021-12-03 00:00:00.000	On-going	8662950000.00	1350000	8818883100.00	2022	2022-05-06 00:00:00.000	2022-08-12 00:00:00.000	2022-09-28 00:00:00.000	2022-12-16 00:00:00.000	2023-01-13 00:00:00.000	15	NULL	NULL			NULL		IEC000411	2022-08-05 17:53:01.337
87	39	Add	Rameses	Rameses	2021-12-03 00:00:00.000	On-going	12889800000.00	1650000	13080384900.00	2022	2022-08-01 00:00:00.000	2022-09-26 00:00:00.000	2022-11-17 00:00:00.000	2023-01-17 00:00:00.000	2023-02-17 00:00:00.000	15	NULL	NULL			NULL		IEC000411	2022-08-05 17:53:01.403
88	34	Modify	Ashmore	Ashmore	2017-06-23 00:00:00.000	Award	19736362629.00	3075637	20169704504.00	2019	2019-09-03 00:00:00.000	2019-10-29 00:00:00.000	2019-12-12 00:00:00.000	2020-03-02 00:00:00.000	2020-04-10 00:00:00.000	36	2017	2017-09-18 00:00:00.000			NULL		IEC000411	2022-08-05 17:54:12.610
89	36	Modify	Eunice	Eunice	2020-03-07 00:00:00.000	Award	13165661250.00	1348250	13285280687.00	2020	2020-09-01 00:00:00.000	2020-10-30 00:00:00.000	2020-12-18 00:00:00.000	2021-02-09 00:00:00.000	2021-03-02 00:00:00.000	34	2020	2020-08-10 00:00:00.000			NULL		IEC000411	2022-08-05 17:54:48.640
90	35	Modify	Hedwig	Hedwig	2017-06-23 00:00:00.000	Award	33065125884.00	4232607	33661479047.00	2019	2019-09-03 00:00:00.000	2019-10-29 00:00:00.000	2019-12-12 00:00:00.000	2020-03-02 00:00:00.000	2020-04-10 00:00:00.000	43	2017	2017-06-23 00:00:00.000			NULL		IEC000411	2022-08-05 17:55:30.680
91	38	Modify	Hokie	Hokie	2021-12-03 00:00:00.000	Award	8662950000.00	1350000	8818883100.00	2022	2022-05-06 00:00:00.000	2022-08-12 00:00:00.000	2022-09-28 00:00:00.000	2022-12-16 00:00:00.000	2023-01-13 00:00:00.000	15	2021	2021-12-03 00:00:00.000			NULL		IEC000411	2022-08-05 17:56:19.577
92	39	Modify	Rameses	Rameses	2021-12-03 00:00:00.000	Award	12889800000.00	1650000	13080384900.00	2022	2022-08-01 00:00:00.000	2022-09-26 00:00:00.000	2022-11-17 00:00:00.000	2023-01-17 00:00:00.000	2023-02-17 00:00:00.000	15	2021	2021-12-03 00:00:00.000			NULL		IEC000411	2022-08-05 17:56:37.227
93	37	Modify	Vlad	Vlad	2020-03-07 00:00:00.000	Award	28815700320.00	2582052	29179498537.00	2020	2020-09-01 00:00:00.000	2020-10-30 00:00:00.000	2020-12-18 00:00:00.000	2021-02-09 00:00:00.000	2021-03-02 00:00:00.000	34	2020	2020-08-10 00:00:00.000			NULL		IEC000411	2022-08-05 17:57:20.700
94	40	Add	Anthem	Anthem	2021-01-01 00:00:00.000	On-going	123456789.00	123456789	11111111.00	2021	2021-02-01 00:00:00.000	2021-03-01 00:00:00.000	2021-04-01 00:00:00.000	2021-05-01 00:00:00.000	2021-06-01 00:00:00.000	10	NULL	NULL			NULL		admin	2022-08-08 11:06:34.567
95	41	Add	Anthem	Anthem	2021-01-01 00:00:00.000	On-going	12345678.00	1234567890	12345678.00	2021	2021-02-01 00:00:00.000	2021-03-01 00:00:00.000	2021-04-01 00:00:00.000	2021-05-01 00:00:00.000	2021-06-01 00:00:00.000	10	NULL	NULL			NULL		admin	2022-08-08 11:12:48.400
96	42	Add	Aloe 1.0	Aloe 1.0	2018-10-06 00:00:00.000	On-going	12127887828.00	1552469	12200655155.00	2019	2019-03-26 00:00:00.000	2019-06-14 00:00:00.000	2019-08-09 00:00:00.000	2019-11-15 00:00:00.000	2019-12-13 00:00:00.000	33	NULL	NULL			NULL		IEC000411	2022-08-08 11:53:45.457
97	43	Add	Bigeben_24a	Bigeben_24a	2019-02-25 00:00:00.000	On-going	663517102.50	49035	669003089.30	2019	2019-04-26 00:00:00.000	2019-10-19 00:00:00.000	2019-12-14 00:00:00.000	2020-03-13 00:00:00.000	2020-04-17 00:00:00.000	27	NULL	NULL			NULL		IEC000411	2022-08-08 11:53:45.557
98	44	Add	Bigeben_27a	Bigeben_27a	2019-02-25 00:00:00.000	On-going	239046642.00	12508	240446024.50	2019	2019-04-26 00:00:00.000	2019-10-19 00:00:00.000	2019-12-14 00:00:00.000	2020-03-13 00:00:00.000	2020-04-17 00:00:00.000	27	NULL	NULL			NULL		IEC000411	2022-08-08 11:53:45.663
99	45	Add	Aloe 2.0	Aloe 2.0	2018-10-06 00:00:00.000	On-going	3237074064.00	236784	3248172604.00	2019	2019-08-12 00:00:00.000	2019-11-01 00:00:00.000	2020-02-06 00:00:00.000	2020-05-14 00:00:00.000	2020-06-11 00:00:00.000	31	NULL	NULL			NULL		IEC000411	2022-08-08 11:58:30.750
100	42	Modify	Aloe 1.0	Aloe 1.0	2018-10-06 00:00:00.000	Award	12127887828.00	1552469	12200655155.00	2019	2019-03-26 00:00:00.000	2019-06-14 00:00:00.000	2019-08-09 00:00:00.000	2019-11-15 00:00:00.000	2019-12-13 00:00:00.000	33	2019	2019-01-24 00:00:00.000			NULL		IEC000411	2022-08-08 11:59:53.627
101	45	Modify	Aloe 2.0	Aloe 2.0	2018-10-06 00:00:00.000	Award	3237074064.00	236784	3248172604.00	2019	2019-08-12 00:00:00.000	2019-11-01 00:00:00.000	2020-02-06 00:00:00.000	2020-05-14 00:00:00.000	2020-06-11 00:00:00.000	31	2019	2019-01-24 00:00:00.000			NULL		IEC000411	2022-08-08 12:00:10.780
102	43	Modify	Bigeben_24a	Bigeben_24a	2019-02-25 00:00:00.000	Award	663517102.50	49035	669003089.30	2019	2019-04-26 00:00:00.000	2019-10-19 00:00:00.000	2019-12-14 00:00:00.000	2020-03-13 00:00:00.000	2020-04-17 00:00:00.000	27	2019	2019-05-06 00:00:00.000			NULL		IEC000411	2022-08-08 12:00:36.460
103	44	Modify	Bigeben_27a	Bigeben_27a	2019-02-25 00:00:00.000	Award	239046642.00	12508	240446024.50	2019	2019-04-26 00:00:00.000	2019-10-19 00:00:00.000	2019-12-14 00:00:00.000	2020-03-13 00:00:00.000	2020-04-17 00:00:00.000	27	2019	2019-05-06 00:00:00.000			NULL		IEC000411	2022-08-08 12:00:55.403
104	46	Add	Anthem	Anthem	2018-10-07 00:00:00.000	On-going	1944300780.00	232294	1931922065.00	2020	2020-06-19 00:00:00.000	2020-08-28 00:00:00.000	2020-10-30 00:00:00.000	2021-01-22 00:00:00.000	2021-02-13 00:00:00.000	27	NULL	NULL			NULL		IEC000411	2022-08-08 16:17:21.980
105	43	ChangeFamily	BIGBEN24A	Bigeben_24a	2019-02-25 00:00:00.000	Award	663517102.50	49035	669003089.30	2019	2019-04-26 00:00:00.000	2019-10-19 00:00:00.000	2019-12-14 00:00:00.000	2020-03-13 00:00:00.000	2020-04-17 00:00:00.000	27	2019	2019-05-06 00:00:00.000			NULL		IEC000411	2022-08-08 18:06:17.743
106	44	ChangeFamily	BIGBEN27A	Bigeben_27a	2019-02-25 00:00:00.000	Award	239046642.00	12508	240446024.50	2019	2019-04-26 00:00:00.000	2019-10-19 00:00:00.000	2019-12-14 00:00:00.000	2020-03-13 00:00:00.000	2020-04-17 00:00:00.000	27	2019	2019-05-06 00:00:00.000			NULL		IEC000411	2022-08-08 18:06:57.723
107	46	Modify	Anthem	Anthem	2019-10-17 00:00:00.000	Award	1944300780.00	232294	1931922065.00	2020	2020-06-19 00:00:00.000	2020-08-28 00:00:00.000	2020-10-30 00:00:00.000	2021-01-22 00:00:00.000	2021-02-13 00:00:00.000	27	2020	2020-05-29 00:00:00.000			NULL		IEC000411	2022-08-08 18:16:36.763
108	47	Add	BIGBEN24I	BIGBEN24I	2019-02-25 00:00:00.000	On-going	3316830120.00	198138	3338997601.00	2019	2019-06-06 00:00:00.000	2019-09-26 00:00:00.000	2019-11-30 00:00:00.000	2020-02-21 00:00:00.000	2020-03-16 00:00:00.000	30	NULL	NULL			NULL		IEC000411	2022-08-08 18:19:17.023
109	48	Add	BIGBEN27I	BIGBEN27I	2019-02-25 00:00:00.000	On-going	4174782462.00	223334	4199768847.00	2019	2019-06-06 00:00:00.000	2019-09-26 00:00:00.000	2019-11-30 00:00:00.000	2020-02-21 00:00:00.000	2020-03-16 00:00:00.000	30	NULL	NULL			NULL		IEC000411	2022-08-08 18:19:17.097
110	47	Modify	BIGBEN24I	BIGBEN24I	2019-02-25 00:00:00.000	Award	3316830120.00	198138	3338997601.00	2019	2019-06-06 00:00:00.000	2019-09-26 00:00:00.000	2019-11-30 00:00:00.000	2020-02-21 00:00:00.000	2020-03-16 00:00:00.000	30	2019	2019-05-06 00:00:00.000			NULL		IEC000411	2022-08-08 18:19:53.367
111	48	Modify	BIGBEN27I	BIGBEN27I	2019-02-25 00:00:00.000	Award	4174782462.00	223334	4199768847.00	2019	2019-06-06 00:00:00.000	2019-09-26 00:00:00.000	2019-11-30 00:00:00.000	2020-02-21 00:00:00.000	2020-03-16 00:00:00.000	30	2019	2019-05-06 00:00:00.000			NULL		IEC000411	2022-08-08 18:20:17.980
112	49	Add	Hook	Hook	2016-10-07 00:00:00.000	On-going	8046862200.00	2600000	7967793600.00	2017	2017-02-21 00:00:00.000	2017-07-14 00:00:00.000	2017-10-30 00:00:00.000	2018-05-07 00:00:00.000	2018-05-08 00:00:00.000	24	NULL	NULL			NULL		iec050159	2022-08-13 20:26:30.560
113	50	Add	Hook 2.0	Hook 2.0	2020-11-17 00:00:00.000	On-going	9277140600.00	2900000	8955927900.00	2021	2021-01-26 00:00:00.000	2021-04-28 00:00:00.000	2021-07-19 00:00:00.000	2022-01-17 00:00:00.000	2022-03-14 00:00:00.000	36	NULL	NULL			NULL		iec050159	2022-08-13 20:28:46.920
114	51	Add	Magneta	Magneta	2020-03-10 00:00:00.000	On-going	17032950000.00	330000	16787951730.00	2021	2021-05-22 00:00:00.000	2021-07-19 00:00:00.000	2021-11-22 00:00:00.000	2022-03-02 00:00:00.000	2022-04-01 00:00:00.000	18	NULL	NULL			NULL		iec050159	2022-08-13 20:29:38.343
115	52	Add	Medusa	Medusa	2022-06-08 00:00:00.000	On-going	10323000000.00	200000	10123794000.00	2022	2022-08-03 00:00:00.000	2022-10-21 00:00:00.000	2022-12-29 00:00:00.000	2023-04-06 00:00:00.000	2023-05-22 00:00:00.000	18	NULL	NULL			NULL		iec050159	2022-08-13 20:29:55.393
116	53	Add	Vision	Vision	2020-03-10 00:00:00.000	On-going	15484500000.00	300000	15323126400.00	2021	2021-06-30 00:00:00.000	2021-10-11 00:00:00.000	2022-01-18 00:00:00.000	2022-04-27 00:00:00.000	2022-06-05 00:00:00.000	18	NULL	NULL			NULL		iec050159	2022-08-13 20:30:09.570
117	54	Add	Varcolac	Varcolac	2022-05-06 00:00:00.000	On-going	16774875000.00	325000	16537125150.00	2022	2022-07-13 00:00:00.000	2022-10-11 00:00:00.000	2022-12-19 00:00:00.000	2023-03-23 00:00:00.000	2023-04-24 00:00:00.000	24	NULL	NULL			NULL		iec050159	2022-08-13 20:30:09.673
118	55	Add	Sylva	Sylva	2020-02-19 00:00:00.000	On-going	7131240000.00	213000	7026886188.00	2020	2020-04-20 00:00:00.000	2020-07-01 00:00:00.000	2020-09-08 00:00:00.000	2021-01-19 00:00:00.000	2021-01-25 00:00:00.000	18	NULL	NULL			NULL		iec050159	2022-08-13 20:30:24.790
119	56	Add	Starlight	Starlight	2020-05-18 00:00:00.000	On-going	6835109400.00	200000	6732146682.00	2020	2020-09-08 00:00:00.000	2020-09-08 00:00:00.000	2020-09-08 00:00:00.000	2021-02-23 00:00:00.000	2021-02-26 00:00:00.000	18	NULL	NULL			NULL		iec050159	2022-08-13 20:30:24.893
120	57	Add	Starfox	Starfox	2020-12-16 00:00:00.000	On-going	12834000000.00	460000	12742108560.00	2021	2021-04-09 00:00:00.000	2021-06-09 00:00:00.000	2021-10-28 00:00:00.000	2022-03-04 00:00:00.000	2022-04-07 00:00:00.000	18	NULL	NULL			NULL		iec050159	2022-08-13 20:30:37.380
121	58	Add	Sandwalker	Sandwalker	2022-01-19 00:00:00.000	On-going	8470440000.00	330000	8393929830.00	2022	2022-07-29 00:00:00.000	2022-09-02 00:00:00.000	2022-11-07 00:00:00.000	2023-02-16 00:00:00.000	2023-03-24 00:00:00.000	18	NULL	NULL			NULL		iec050159	2022-08-13 20:30:37.450
122	59	Add	Ultron	Ultron	2021-05-20 00:00:00.000	On-going	1701900000.00	61000	1670553254.81	2021	2021-07-26 00:00:00.000	2021-10-16 00:00:00.000	2022-03-08 00:00:00.000	2022-06-10 00:00:00.000	2022-07-26 00:00:00.000	18	NULL	NULL			NULL		iec050159	2022-08-13 20:30:48.960
123	60	Add	WARPATH13	WARPATH13	2020-11-21 00:00:00.000	On-going	20034632926.87	914854	19955762448.68	2021	2021-03-12 00:00:00.000	2021-05-28 00:00:00.000	2021-10-29 00:00:00.000	2022-02-21 00:00:00.000	2022-05-20 00:00:00.000	18	NULL	NULL			NULL		iec050159	2022-08-13 20:32:40.233
124	61	Add	WARPATH14	WARPATH14	2020-11-21 00:00:00.000	On-going	57375771302.39	2568833	57035336709.06	2021	2021-03-12 00:00:00.000	2021-05-28 00:00:00.000	2021-10-29 00:00:00.000	2022-02-21 00:00:00.000	2022-05-20 00:00:00.000	18	NULL	NULL			NULL		iec050159	2022-08-13 20:32:40.333
125	62	Add	WARPATH16	WARPATH16	2020-11-21 00:00:00.000	On-going	14245101893.80	595863	14168462590.60	2021	2021-03-12 00:00:00.000	2021-05-28 00:00:00.000	2021-10-29 00:00:00.000	2022-02-21 00:00:00.000	2022-05-20 00:00:00.000	18	NULL	NULL			NULL		iec050159	2022-08-13 20:32:40.420
126	63	Add	WARPATHW14	WARPATHW14	2020-11-21 00:00:00.000	On-going	5622006534.35	200545	5595429308.22	2021	2021-03-12 00:00:00.000	2021-05-28 00:00:00.000	2021-10-29 00:00:00.000	2022-02-21 00:00:00.000	2022-05-20 00:00:00.000	18	NULL	NULL			NULL		iec050159	2022-08-13 20:32:40.510
127	64	Add	WARPATHW16	WARPATHW16	2020-11-21 00:00:00.000	On-going	3247921619.71	108724	3233937647.56	2021	2021-03-12 00:00:00.000	2021-05-28 00:00:00.000	2021-10-29 00:00:00.000	2022-02-21 00:00:00.000	2022-05-20 00:00:00.000	18	NULL	NULL			NULL		iec050159	2022-08-13 20:32:40.607
128	65	Add	POWDERKEG	POWDERKEG	2020-11-21 00:00:00.000	On-going	12176418204.00	474000	12100376754.00	2021	2021-04-14 00:00:00.000	2021-06-09 00:00:00.000	2021-12-15 00:00:00.000	2022-02-21 00:00:00.000	2022-05-20 00:00:00.000	18	NULL	NULL			NULL		iec050159	2022-08-13 20:32:40.697
129	66	Add	WARPATH14L	WARPATH14L	2020-11-21 00:00:00.000	On-going	9180855342.45	374450	9131231356.20	2021	2021-03-12 00:00:00.000	2021-05-28 00:00:00.000	2021-10-29 00:00:00.000	2022-02-21 00:00:00.000	2022-05-20 00:00:00.000	18	NULL	NULL			NULL		iec050159	2022-08-13 20:32:40.790
130	67	Add	WARPATH14LX	WARPATH14LX	2020-11-21 00:00:00.000	On-going	6413219628.12	224635	6377182558.25	2021	2021-04-14 00:00:00.000	2021-06-09 00:00:00.000	2021-12-15 00:00:00.000	2022-02-21 00:00:00.000	2022-05-20 00:00:00.000	18	NULL	NULL			NULL		iec050159	2022-08-13 20:32:40.890
131	68	Add	LOCKHEED13	LOCKHEED13	2020-11-21 00:00:00.000	On-going	4995798217.20	226800	4978333710.00	2021	2021-04-12 00:00:00.000	2021-09-25 00:00:00.000	2021-12-17 00:00:00.000	2022-03-25 00:00:00.000	2022-04-28 00:00:00.000	18	NULL	NULL			NULL		iec050159	2022-08-13 20:32:40.987
132	69	Add	LOCKHEED14	LOCKHEED14	2020-11-21 00:00:00.000	On-going	18788266224.00	819000	18760617603.00	2021	2021-04-12 00:00:00.000	2021-09-25 00:00:00.000	2021-12-17 00:00:00.000	2022-03-25 00:00:00.000	2022-04-28 00:00:00.000	18	NULL	NULL			NULL		iec050159	2022-08-13 20:32:41.093
133	70	Add	LOCKHEED16	LOCKHEED16	2020-11-21 00:00:00.000	On-going	5971740552.00	244800	5949338414.40	2021	2021-04-12 00:00:00.000	2021-09-25 00:00:00.000	2021-12-17 00:00:00.000	2022-03-25 00:00:00.000	2022-04-28 00:00:00.000	18	NULL	NULL			NULL		iec050159	2022-08-13 20:32:41.180
134	71	Add	Pax	Pax	2022-04-22 00:00:00.000	On-going	4415292403.20	242900	4412323478.18	2022	2022-07-01 00:00:00.000	2022-09-07 00:00:00.000	2022-09-07 00:00:00.000	2023-01-13 00:00:00.000	2023-02-24 00:00:00.000	15	NULL	NULL			NULL		iec050159	2022-08-13 20:35:42.300
135	72	Add	Pixie	Pixie	2021-04-07 00:00:00.000	On-going	4018582080.00	230000	3998176020.00	2021	2021-08-19 00:00:00.000	2021-10-21 00:00:00.000	2021-12-09 00:00:00.000	2022-03-02 00:00:00.000	2022-04-15 00:00:00.000	15	NULL	NULL			NULL		iec050159	2022-08-13 20:35:42.407
136	73	Add	PEPPER	PEPPER	2020-05-01 00:00:00.000	On-going	3013200000.00	180000	3013200000.00	2020	2020-07-12 00:00:00.000	2020-09-11 00:00:00.000	2020-11-02 00:00:00.000	2021-02-05 00:00:00.000	2021-02-20 00:00:00.000	15	NULL	NULL			NULL		iec050159	2022-08-13 20:35:58.363
137	74	Add	Masala	Masala	2020-12-19 00:00:00.000	On-going	3909365856.00	198000	3866387580.00	2021	2021-06-16 00:00:00.000	2021-09-10 00:00:00.000	2021-11-03 00:00:00.000	2022-02-28 00:00:00.000	2022-03-28 00:00:00.000	24	NULL	NULL			NULL		iec050159	2022-08-13 20:35:58.463
138	75	Add	Sansa	Sansa	2019-05-03 00:00:00.000	On-going	4267902265.34	276641	4253005977.42	2019	2019-09-02 00:00:00.000	2019-11-27 00:00:00.000	2020-03-16 00:00:00.000	2020-07-20 00:00:00.000	2020-07-27 00:00:00.000	30	NULL	NULL			NULL		iec050159	2022-08-13 20:36:42.590
139	76	Add	Bran	Bran	2019-05-03 00:00:00.000	On-going	12742837852.89	829021	12702592199.42	2019	2019-09-02 00:00:00.000	2019-11-27 00:00:00.000	2020-03-16 00:00:00.000	2020-07-20 00:00:00.000	2020-07-27 00:00:00.000	30	NULL	NULL			NULL		iec050159	2022-08-13 20:36:42.713
140	77	Add	Boggle	Boggle	2020-11-23 00:00:00.000	On-going	10670617260.00	620000	10593122220.00	2021	2021-04-26 00:00:00.000	2021-07-12 00:00:00.000	2021-11-03 00:00:00.000	2022-03-14 00:00:00.000	2022-03-21 00:00:00.000	18	NULL	NULL			NULL		iec050159	2022-08-13 20:36:42.827
141	78	Add	Nantucket	Nantucket	2016-04-15 00:00:00.000	On-going	12946166370.00	530000	12698040510.00	2016	2016-11-02 00:00:00.000	2016-12-05 00:00:00.000	2017-05-17 00:00:00.000	2017-07-04 00:00:00.000	2017-08-04 00:00:00.000	60	NULL	NULL			NULL		iec050159	2022-08-13 20:36:42.940
142	79	Add	Tasmania	Tasmania	2019-05-17 00:00:00.000	On-going	10707171840.00	380000	10638788940.00	2019	2019-09-23 00:00:00.000	2020-03-27 00:00:00.000	2020-09-02 00:00:00.000	2020-12-07 00:00:00.000	2020-12-28 00:00:00.000	60	NULL	NULL			NULL		iec050159	2022-08-13 20:36:43.050
143	80	Add	Paradigm	Paradigm	2020-06-01 00:00:00.000	On-going	1949512500.00	125000	1780299000.00	2020	2020-10-08 00:00:00.000	2020-12-21 00:00:00.000	2021-05-31 00:00:00.000	2021-09-03 00:00:00.000	2021-09-03 00:00:00.000	48	NULL	NULL			NULL		iec050159	2022-08-13 20:36:43.160
144	81	Add	Tranquill	Tranquill	2018-03-12 00:00:00.000	On-going	19257511860.00	1555000	19069656975.00	2018	2018-09-13 00:00:00.000	2019-01-24 00:00:00.000	2019-05-14 00:00:00.000	2019-07-19 00:00:00.000	2019-08-05 00:00:00.000	52	NULL	NULL			NULL		iec050159	2022-08-13 20:36:43.273
145	82	Add	Mulan	Mulan	2019-03-12 00:00:00.000	On-going	790573284.00	108000	781322760.00	2019	2019-07-09 00:00:00.000	2019-09-05 00:00:00.000	2019-11-22 00:00:00.000	2020-01-23 00:00:00.000	2020-02-20 00:00:00.000	36	NULL	NULL			NULL		iec050159	2022-08-13 20:36:43.393
146	83	Add	Slice2	Slice2	2017-03-21 00:00:00.000	On-going	1619455500.00	100000	1606565700.00	2017	2017-05-31 00:00:00.000	2017-07-24 00:00:00.000	2017-12-22 00:00:00.000	2018-02-22 00:00:00.000	2018-03-26 00:00:00.000	36	NULL	NULL			NULL		iec050159	2022-08-13 20:36:43.510
147	84	Add	Ludao	Ludao	2019-05-09 00:00:00.000	On-going	1649362340.03	182883	1640892296.76	2019	2019-09-03 00:00:00.000	2019-11-12 00:00:00.000	2020-04-21 00:00:00.000	2020-08-24 00:00:00.000	2020-09-01 00:00:00.000	24	NULL	NULL			NULL		iec050159	2022-08-13 20:36:43.620
148	77	Modify	Boggle	Boggle	2020-11-23 00:00:00.000	Award	10670617260.00	620000	10593122220.00	2021	2021-04-26 00:00:00.000	2021-07-12 00:00:00.000	2021-11-03 00:00:00.000	2022-03-14 00:00:00.000	2022-03-21 00:00:00.000	18	2021	2021-03-25 00:00:00.000			NULL		iec050159	2022-08-13 20:41:36.203
149	76	Modify	Bran	Bran	2019-05-03 00:00:00.000	Award	12742837852.89	829021	12702592199.42	2019	2019-09-02 00:00:00.000	2019-11-27 00:00:00.000	2020-03-16 00:00:00.000	2020-07-20 00:00:00.000	2020-07-27 00:00:00.000	30	2019	2019-07-18 00:00:00.000			NULL		iec050159	2022-08-13 20:41:57.733
150	49	Modify	Hook	Hook	2016-10-07 00:00:00.000	Award	8046862200.00	2600000	7967793600.00	2017	2017-02-21 00:00:00.000	2017-07-14 00:00:00.000	2017-10-30 00:00:00.000	2018-05-07 00:00:00.000	2018-05-08 00:00:00.000	24	2018	2018-03-23 00:00:00.000			NULL		iec050159	2022-08-13 21:47:31.040
151	50	Modify	Hook 2.0	Hook 2.0	2020-11-17 00:00:00.000	Award	9277140600.00	2900000	8955927900.00	2021	2021-01-26 00:00:00.000	2021-04-28 00:00:00.000	2021-07-19 00:00:00.000	2022-01-17 00:00:00.000	2022-03-14 00:00:00.000	36	2020	2020-11-26 00:00:00.000			NULL		iec050159	2022-08-13 21:47:50.943
152	68	Modify	LOCKHEED13	LOCKHEED13	2020-11-21 00:00:00.000	Award	4995798217.20	226800	4978333710.00	2021	2021-04-12 00:00:00.000	2021-09-25 00:00:00.000	2021-12-17 00:00:00.000	2022-03-25 00:00:00.000	2022-04-28 00:00:00.000	18	2021	2021-01-26 00:00:00.000			NULL		iec050159	2022-08-13 21:48:13.217
153	69	Modify	LOCKHEED14	LOCKHEED14	2020-11-21 00:00:00.000	Award	18788266224.00	819000	18760617603.00	2021	2021-04-12 00:00:00.000	2021-09-25 00:00:00.000	2021-12-17 00:00:00.000	2022-03-25 00:00:00.000	2022-04-28 00:00:00.000	18	2021	2021-01-26 00:00:00.000			NULL		iec050159	2022-08-13 21:48:22.380
154	70	Modify	LOCKHEED16	LOCKHEED16	2020-11-21 00:00:00.000	Award	5971740552.00	244800	5949338414.40	2021	2021-04-12 00:00:00.000	2021-09-25 00:00:00.000	2021-12-17 00:00:00.000	2022-03-25 00:00:00.000	2022-04-28 00:00:00.000	18	2021	2021-01-26 00:00:00.000			NULL		iec050159	2022-08-13 21:48:30.043
155	84	Modify	Ludao	Ludao	2019-05-09 00:00:00.000	Award	1649362340.03	182883	1640892296.76	2019	2019-09-03 00:00:00.000	2019-11-12 00:00:00.000	2020-04-21 00:00:00.000	2020-08-24 00:00:00.000	2020-09-01 00:00:00.000	24	2019	2019-07-17 00:00:00.000			NULL		iec050159	2022-08-13 21:48:50.987
156	51	Modify	Magneta	Magneta	2020-03-10 00:00:00.000	Award	17032950000.00	330000	16787951730.00	2021	2021-05-22 00:00:00.000	2021-07-19 00:00:00.000	2021-11-22 00:00:00.000	2022-03-02 00:00:00.000	2022-04-01 00:00:00.000	18	2021	2021-04-08 00:00:00.000			NULL		iec050159	2022-08-13 21:49:07.610
157	74	Modify	Masala	Masala	2020-12-19 00:00:00.000	Award	3909365856.00	198000	3866387580.00	2021	2021-06-16 00:00:00.000	2021-09-10 00:00:00.000	2021-11-03 00:00:00.000	2022-02-28 00:00:00.000	2022-03-28 00:00:00.000	24	2021	2021-06-05 00:00:00.000			NULL		iec050159	2022-08-13 21:49:24.963
158	52	Modify	Medusa	Medusa	2022-06-08 00:00:00.000	Award	10323000000.00	200000	10123794000.00	2022	2022-08-03 00:00:00.000	2022-10-21 00:00:00.000	2022-12-29 00:00:00.000	2023-04-06 00:00:00.000	2023-05-22 00:00:00.000	18	2022	2022-07-14 00:00:00.000			NULL		iec050159	2022-08-13 21:49:41.500
159	82	Modify	Mulan	Mulan	2019-03-12 00:00:00.000	Award	790573284.00	108000	781322760.00	2019	2019-07-09 00:00:00.000	2019-09-05 00:00:00.000	2019-11-22 00:00:00.000	2020-01-23 00:00:00.000	2020-02-20 00:00:00.000	36	2019	2019-05-17 00:00:00.000			NULL		iec050159	2022-08-13 21:50:02.890
160	78	Modify	Nantucket	Nantucket	2016-04-15 00:00:00.000	Award	12946166370.00	530000	12698040510.00	2016	2016-11-02 00:00:00.000	2016-12-05 00:00:00.000	2017-05-17 00:00:00.000	2017-07-04 00:00:00.000	2017-08-04 00:00:00.000	60	2019	2019-05-17 00:00:00.000			NULL		iec050159	2022-08-13 21:50:20.220
161	80	Modify	Paradigm	Paradigm	2020-06-01 00:00:00.000	Award	1949512500.00	125000	1780299000.00	2020	2020-10-08 00:00:00.000	2020-12-21 00:00:00.000	2021-05-31 00:00:00.000	2021-09-03 00:00:00.000	2021-09-03 00:00:00.000	48	2020	2020-08-04 00:00:00.000			NULL		iec050159	2022-08-13 21:50:34.100
162	71	Modify	Pax	Pax	2022-04-22 00:00:00.000	Award	4415292403.20	242900	4412323478.18	2022	2022-07-01 00:00:00.000	2022-09-07 00:00:00.000	2022-09-07 00:00:00.000	2023-01-13 00:00:00.000	2023-02-24 00:00:00.000	15	2022	2022-06-04 00:00:00.000			NULL		iec050159	2022-08-13 21:50:46.670
163	73	Modify	PEPPER	PEPPER	2020-05-01 00:00:00.000	Award	3013200000.00	180000	3013200000.00	2020	2020-07-12 00:00:00.000	2020-09-11 00:00:00.000	2020-11-02 00:00:00.000	2021-02-05 00:00:00.000	2021-02-20 00:00:00.000	15	2020	2020-06-01 00:00:00.000			NULL		iec050159	2022-08-13 21:52:19.840
164	72	Modify	Pixie	Pixie	2021-04-07 00:00:00.000	Award	4018582080.00	230000	3998176020.00	2021	2021-08-19 00:00:00.000	2021-10-21 00:00:00.000	2021-12-09 00:00:00.000	2022-03-02 00:00:00.000	2022-04-15 00:00:00.000	15	2021	2021-04-30 00:00:00.000			NULL		iec050159	2022-08-13 21:52:56.960
165	65	Modify	POWDERKEG	POWDERKEG	2020-11-21 00:00:00.000	Award	12176418204.00	474000	12100376754.00	2021	2021-04-14 00:00:00.000	2021-06-09 00:00:00.000	2021-12-15 00:00:00.000	2022-02-21 00:00:00.000	2022-05-20 00:00:00.000	18	2021	2021-01-26 00:00:00.000			NULL		iec050159	2022-08-13 21:53:23.640
166	64	Modify	WARPATHW16	WARPATHW16	2020-11-21 00:00:00.000	Award	3247921619.71	108724	3233937647.56	2021	2021-03-12 00:00:00.000	2021-05-28 00:00:00.000	2021-10-29 00:00:00.000	2022-02-21 00:00:00.000	2022-05-20 00:00:00.000	18	2021	2021-01-26 00:00:00.000			NULL		iec050159	2022-08-13 21:53:35.697
167	63	Modify	WARPATHW14	WARPATHW14	2020-11-21 00:00:00.000	Award	5622006534.35	200545	5595429308.22	2021	2021-03-12 00:00:00.000	2021-05-28 00:00:00.000	2021-10-29 00:00:00.000	2022-02-21 00:00:00.000	2022-05-20 00:00:00.000	18	2021	2021-01-26 00:00:00.000			NULL		iec050159	2022-08-13 21:53:46.093
168	62	Modify	WARPATH16	WARPATH16	2020-11-21 00:00:00.000	Award	14245101893.80	595863	14168462590.60	2021	2021-03-12 00:00:00.000	2021-05-28 00:00:00.000	2021-10-29 00:00:00.000	2022-02-21 00:00:00.000	2022-05-20 00:00:00.000	18	2021	2021-01-26 00:00:00.000			NULL		iec050159	2022-08-13 21:53:57.350
169	67	Modify	WARPATH14LX	WARPATH14LX	2020-11-21 00:00:00.000	Award	6413219628.12	224635	6377182558.25	2021	2021-04-14 00:00:00.000	2021-06-09 00:00:00.000	2021-12-15 00:00:00.000	2022-02-21 00:00:00.000	2022-05-20 00:00:00.000	18	2021	2021-01-26 00:00:00.000			NULL		iec050159	2022-08-13 21:54:07.857
170	66	Modify	WARPATH14L	WARPATH14L	2020-11-21 00:00:00.000	Award	9180855342.45	374450	9131231356.20	2021	2021-03-12 00:00:00.000	2021-05-28 00:00:00.000	2021-10-29 00:00:00.000	2022-02-21 00:00:00.000	2022-05-20 00:00:00.000	18	2021	2021-01-26 00:00:00.000			NULL		iec050159	2022-08-13 21:54:19.930
171	61	Modify	WARPATH14	WARPATH14	2020-11-21 00:00:00.000	Award	57375771302.39	2568833	57035336709.06	2021	2021-03-12 00:00:00.000	2021-05-28 00:00:00.000	2021-10-29 00:00:00.000	2022-02-21 00:00:00.000	2022-05-20 00:00:00.000	18	2021	2021-01-26 00:00:00.000			NULL		iec050159	2022-08-13 21:54:46.350
172	60	Modify	WARPATH13	WARPATH13	2020-11-21 00:00:00.000	Award	20034632926.87	914854	19955762448.68	2021	2021-03-12 00:00:00.000	2021-05-28 00:00:00.000	2021-10-29 00:00:00.000	2022-02-21 00:00:00.000	2022-05-20 00:00:00.000	18	2021	2021-01-26 00:00:00.000			NULL		iec050159	2022-08-13 21:55:13.500
173	58	Modify	Sandwalker	Sandwalker	2022-01-19 00:00:00.000	Award	8470440000.00	330000	8393929830.00	2022	2022-07-29 00:00:00.000	2022-09-02 00:00:00.000	2022-11-07 00:00:00.000	2023-02-16 00:00:00.000	2023-03-24 00:00:00.000	18	2022	2022-03-02 00:00:00.000			NULL		iec050159	2022-08-13 21:55:28.620
174	75	Modify	Sansa	Sansa	2019-05-03 00:00:00.000	Award	4267902265.34	276641	4253005977.42	2019	2019-09-02 00:00:00.000	2019-11-27 00:00:00.000	2020-03-16 00:00:00.000	2020-07-20 00:00:00.000	2020-07-27 00:00:00.000	30	2019	2019-07-18 00:00:00.000			NULL		iec050159	2022-08-13 21:55:47.110
175	83	Modify	Slice2	Slice2	2017-03-21 00:00:00.000	Award	1619455500.00	100000	1606565700.00	2017	2017-05-31 00:00:00.000	2017-07-24 00:00:00.000	2017-12-22 00:00:00.000	2018-02-22 00:00:00.000	2018-03-26 00:00:00.000	36	2017	2017-05-01 00:00:00.000			NULL		iec050159	2022-08-13 21:56:02.650
176	57	Modify	Starfox	Starfox	2020-12-16 00:00:00.000	Award	12834000000.00	460000	12742108560.00	2021	2021-04-09 00:00:00.000	2021-06-09 00:00:00.000	2021-10-28 00:00:00.000	2022-03-04 00:00:00.000	2022-04-07 00:00:00.000	18	2021	2021-03-09 00:00:00.000			NULL		iec050159	2022-08-13 21:56:23.420
177	56	Modify	Starlight	Starlight	2020-05-18 00:00:00.000	Award	6835109400.00	200000	6732146682.00	2020	2020-09-08 00:00:00.000	2020-09-08 00:00:00.000	2020-09-08 00:00:00.000	2021-02-23 00:00:00.000	2021-02-26 00:00:00.000	18	2020	2020-08-18 00:00:00.000			NULL		iec050159	2022-08-13 21:56:44.880
178	55	Modify	Sylva	Sylva	2020-02-19 00:00:00.000	Award	7131240000.00	213000	7026886188.00	2020	2020-04-20 00:00:00.000	2020-07-01 00:00:00.000	2020-09-08 00:00:00.000	2021-01-19 00:00:00.000	2021-01-25 00:00:00.000	18	2020	2020-04-15 00:00:00.000			NULL		iec050159	2022-08-13 21:57:02.343
179	79	Modify	Tasmania	Tasmania	2019-05-17 00:00:00.000	Award	10707171840.00	380000	10638788940.00	2019	2019-09-23 00:00:00.000	2020-03-27 00:00:00.000	2020-09-02 00:00:00.000	2020-12-07 00:00:00.000	2020-12-28 00:00:00.000	60	2019	2019-08-07 00:00:00.000			NULL		iec050159	2022-08-13 21:57:23.397
180	81	Modify	Tranquill	Tranquill	2018-03-12 00:00:00.000	Award	19257511860.00	1555000	19069656975.00	2018	2018-09-13 00:00:00.000	2019-01-24 00:00:00.000	2019-05-14 00:00:00.000	2019-07-19 00:00:00.000	2019-08-05 00:00:00.000	52	2018	2018-07-25 00:00:00.000			NULL		iec050159	2022-08-13 21:57:37.790
181	59	Modify	Ultron	Ultron	2021-05-20 00:00:00.000	Award	1701900000.00	61000	1670553254.81	2021	2021-07-26 00:00:00.000	2021-10-16 00:00:00.000	2022-03-08 00:00:00.000	2022-06-10 00:00:00.000	2022-07-26 00:00:00.000	18	2021	2021-06-10 00:00:00.000			NULL		iec050159	2022-08-13 21:58:07.567
182	54	Modify	Varcolac	Varcolac	2022-05-06 00:00:00.000	Award	16774875000.00	325000	16537125150.00	2022	2022-07-13 00:00:00.000	2022-10-11 00:00:00.000	2022-12-19 00:00:00.000	2023-03-23 00:00:00.000	2023-04-24 00:00:00.000	24	2022	2022-05-28 00:00:00.000			NULL		iec050159	2022-08-13 21:58:41.150
183	53	Modify	Vision	Vision	2020-03-10 00:00:00.000	Award	15484500000.00	300000	15323126400.00	2021	2021-06-30 00:00:00.000	2021-10-11 00:00:00.000	2022-01-18 00:00:00.000	2022-04-27 00:00:00.000	2022-06-05 00:00:00.000	18	2021	2021-05-27 00:00:00.000			NULL		iec050159	2022-08-13 21:58:57.580
184	65	Modify	POWDERKEG	POWDERKEG	2020-11-21 00:00:00.000	Award	12014416854.00	474000	11938375404.00	2021	2021-04-14 00:00:00.000	2021-06-09 00:00:00.000	2021-12-15 00:00:00.000	2022-02-21 00:00:00.000	2022-05-20 00:00:00.000	18	2021	2021-01-26 00:00:00.000			NULL		iec050159	2022-08-15 10:07:18.637
185	66	Modify	WARPATH14L	WARPATH14L	2020-11-21 00:00:00.000	Award	915170778000.00	374450	9102083794.00	2021	2021-03-12 00:00:00.000	2021-05-28 00:00:00.000	2021-10-29 00:00:00.000	2022-02-21 00:00:00.000	2022-05-20 00:00:00.000	18	2021	2021-01-26 00:00:00.000			NULL		iec050159	2022-08-15 10:08:46.497
186	67	Modify	WARPATH14LX	WARPATH14LX	2020-11-21 00:00:00.000	Award	632140344140.00	224635	6285366372.00	2021	2021-04-14 00:00:00.000	2021-06-09 00:00:00.000	2021-12-15 00:00:00.000	2022-02-21 00:00:00.000	2022-05-20 00:00:00.000	18	2021	2021-01-26 00:00:00.000			NULL		iec050159	2022-08-15 10:09:30.590
187	85	Add	Adicora	Adicora	2018-07-02 00:00:00.000	On-going	4391995959.00	2417000	4238920098.00	2018	2018-10-22 00:00:00.000	2019-01-04 00:00:00.000	2019-03-12 00:00:00.000	2019-07-03 00:00:00.000	2019-07-09 00:00:00.000	24	NULL	NULL			NULL		iec050159	2022-08-15 11:05:38.710
188	85	Modify	Adicora	Adicora	2018-07-02 00:00:00.000	Award	4391995959.00	2417000	4238920098.00	2018	2018-10-22 00:00:00.000	2019-01-04 00:00:00.000	2019-03-12 00:00:00.000	2019-07-03 00:00:00.000	2019-07-09 00:00:00.000	24	2018	2018-09-12 00:00:00.000			NULL		iec050159	2022-08-15 11:06:11.560
189	86	Add	Warg 13	Warg 13	2022-01-19 00:00:00.000	On-going	17762649569.68	811107	17736172603.88	2022	2022-05-27 00:00:00.000	2022-07-27 00:00:00.000	2022-10-11 00:00:00.000	2023-01-18 00:00:00.000	2023-03-07 00:00:00.000	18	NULL	NULL			NULL		iec050159	2022-08-15 11:11:24.547
190	87	Add	Warg 13X	Warg 13X	2022-01-19 00:00:00.000	On-going	13138714883.16	511460	13099473114.66	2022	2022-05-27 00:00:00.000	2022-08-31 00:00:00.000	2022-11-03 00:00:00.000	2023-01-18 00:00:00.000	2023-03-07 00:00:00.000	18	NULL	NULL			NULL		iec050159	2022-08-15 11:11:24.620
191	88	Add	Warg 14	Warg 14	2022-01-19 00:00:00.000	On-going	62370691510.77	2792466	62244477632.50	2022	2022-05-27 00:00:00.000	2022-07-27 00:00:00.000	2022-10-11 00:00:00.000	2023-01-18 00:00:00.000	2023-03-07 00:00:00.000	18	NULL	NULL			NULL		iec050159	2022-08-15 11:11:24.693
192	89	Add	Warg 16	Warg 16	2022-01-19 00:00:00.000	On-going	20153612219.08	843012	20101868142.52	2022	2022-05-27 00:00:00.000	2022-07-27 00:00:00.000	2022-10-11 00:00:00.000	2023-01-18 00:00:00.000	2023-03-07 00:00:00.000	18	NULL	NULL			NULL		iec050159	2022-08-15 11:11:24.760
193	90	Add	Warg 14L	Warg 14L	2022-01-19 00:00:00.000	On-going	9278585051.08	378436	9261480500.75	2022	2022-05-27 00:00:00.000	2022-07-27 00:00:00.000	2022-10-11 00:00:00.000	2023-01-18 00:00:00.000	2023-03-07 00:00:00.000	18	NULL	NULL			NULL		iec050159	2022-08-15 11:11:24.830
194	91	Add	Warg 14LX	Warg 14LX	2022-01-19 00:00:00.000	On-going	5117471476.49	179249	5097167225.26	2022	2022-05-27 00:00:00.000	2022-08-31 00:00:00.000	2022-11-03 00:00:00.000	2023-01-18 00:00:00.000	2023-03-07 00:00:00.000	18	NULL	NULL			NULL		iec050159	2022-08-15 11:11:24.890
195	92	Add	WargW 14W	WargW 14W	2022-01-19 00:00:00.000	On-going	8410092300.00	300000	8396532900.00	2022	2022-05-27 00:00:00.000	2022-07-27 00:00:00.000	2022-10-11 00:00:00.000	2023-01-18 00:00:00.000	2023-03-07 00:00:00.000	18	NULL	NULL			NULL		iec050159	2022-08-15 11:11:24.960
196	93	Add	WargW 16W	WargW 16W	2022-01-19 00:00:00.000	On-going	4271851584.00	143000	4263074244.00	2022	2022-05-27 00:00:00.000	2022-07-27 00:00:00.000	2022-10-11 00:00:00.000	2023-01-18 00:00:00.000	2023-03-07 00:00:00.000	18	NULL	NULL			NULL		iec050159	2022-08-15 11:11:25.027
197	94	Add	Lox 13	Lox 13	2022-01-19 00:00:00.000	On-going	3282314321.62	149011	3277450155.55	2022	2022-08-26 00:00:00.000	2022-10-27 00:00:00.000	2022-12-26 00:00:00.000	2023-03-29 00:00:00.000	2023-05-12 00:00:00.000	18	NULL	NULL			NULL		iec050159	2022-08-15 11:11:25.093
198	95	Add	Lox 14	Lox 14	2022-01-19 00:00:00.000	On-going	17511535859.62	763346	17510258018.41	2022	2022-08-26 00:00:00.000	2022-10-27 00:00:00.000	2022-12-26 00:00:00.000	2023-03-29 00:00:00.000	2023-05-12 00:00:00.000	18	NULL	NULL			NULL		iec050159	2022-08-15 11:11:25.160
199	96	Add	LoxW 14 UMA	LoxW 14 UMA	2022-01-19 00:00:00.000	On-going	2569335552.00	112000	2569148064.00	2022	2022-08-26 00:00:00.000	2022-10-27 00:00:00.000	2022-12-26 00:00:00.000	2023-03-29 00:00:00.000	2023-05-12 00:00:00.000	18	NULL	NULL			NULL		iec050159	2022-08-15 11:11:25.223
200	97	Add	Lox 16	Lox 16	2022-01-19 00:00:00.000	On-going	5551181699.40	227560	5546293027.92	2022	2022-08-26 00:00:00.000	2022-10-27 00:00:00.000	2022-12-26 00:00:00.000	2023-03-29 00:00:00.000	2023-05-12 00:00:00.000	18	NULL	NULL			NULL		iec050159	2022-08-15 11:11:25.293
201	86	Modify	Warg 13	Warg 13	2022-01-19 00:00:00.000	Award	17762649569.68	811107	17736172603.88	2022	2022-05-27 00:00:00.000	2022-07-27 00:00:00.000	2022-10-11 00:00:00.000	2023-01-18 00:00:00.000	2023-03-07 00:00:00.000	18	2022	2022-03-03 00:00:00.000			NULL		iec050159	2022-08-15 11:11:58.557
202	94	Modify	Lox 13	Lox 13	2022-01-19 00:00:00.000	Award	3282314321.62	149011	3277450155.55	2022	2022-08-26 00:00:00.000	2022-10-27 00:00:00.000	2022-12-26 00:00:00.000	2023-03-29 00:00:00.000	2023-05-12 00:00:00.000	18	2022	2022-03-03 00:00:00.000			NULL		iec050159	2022-08-15 11:12:12.200
203	95	Modify	Lox 14	Lox 14	2022-01-19 00:00:00.000	Award	17511535859.62	763346	17510258018.41	2022	2022-08-26 00:00:00.000	2022-10-27 00:00:00.000	2022-12-26 00:00:00.000	2023-03-29 00:00:00.000	2023-05-12 00:00:00.000	18	2022	2022-03-03 00:00:00.000			NULL		iec050159	2022-08-15 11:12:28.623
204	97	Modify	Lox 16	Lox 16	2022-01-19 00:00:00.000	Award	5551181699.40	227560	5546293027.92	2022	2022-08-26 00:00:00.000	2022-10-27 00:00:00.000	2022-12-26 00:00:00.000	2023-03-29 00:00:00.000	2023-05-12 00:00:00.000	18	2022	2022-03-03 00:00:00.000			NULL		iec050159	2022-08-15 11:12:41.267
205	96	Modify	LoxW 14 UMA	LoxW 14 UMA	2022-01-19 00:00:00.000	Award	2569335552.00	112000	2569148064.00	2022	2022-08-26 00:00:00.000	2022-10-27 00:00:00.000	2022-12-26 00:00:00.000	2023-03-29 00:00:00.000	2023-05-12 00:00:00.000	18	2022	2022-03-03 00:00:00.000			NULL		iec050159	2022-08-15 11:12:53.260
206	87	Modify	Warg 13X	Warg 13X	2022-01-19 00:00:00.000	Award	13138714883.16	511460	13099473114.66	2022	2022-05-27 00:00:00.000	2022-08-31 00:00:00.000	2022-11-03 00:00:00.000	2023-01-18 00:00:00.000	2023-03-07 00:00:00.000	18	2022	2022-03-03 00:00:00.000			NULL		iec050159	2022-08-15 11:14:28.460
207	88	Modify	Warg 14	Warg 14	2022-01-19 00:00:00.000	Award	62370691510.77	2792466	62244477632.50	2022	2022-05-27 00:00:00.000	2022-07-27 00:00:00.000	2022-10-11 00:00:00.000	2023-01-18 00:00:00.000	2023-03-07 00:00:00.000	18	2022	2022-03-03 00:00:00.000			NULL		iec050159	2022-08-15 11:14:52.103
208	93	Modify	WargW 16W	WargW 16W	2022-01-19 00:00:00.000	Award	4271851584.00	143000	4263074244.00	2022	2022-05-27 00:00:00.000	2022-07-27 00:00:00.000	2022-10-11 00:00:00.000	2023-01-18 00:00:00.000	2023-03-07 00:00:00.000	18	2022	2022-03-03 00:00:00.000			NULL		iec050159	2022-08-15 11:15:06.733
209	90	Modify	Warg 14L	Warg 14L	2022-01-19 00:00:00.000	Award	9278585051.08	378436	9261480500.75	2022	2022-05-27 00:00:00.000	2022-07-27 00:00:00.000	2022-10-11 00:00:00.000	2023-01-18 00:00:00.000	2023-03-07 00:00:00.000	18	2022	2022-03-03 00:00:00.000			NULL		iec050159	2022-08-15 11:15:21.257
210	91	Modify	Warg 14LX	Warg 14LX	2022-01-19 00:00:00.000	Award	5117471476.49	179249	5097167225.26	2022	2022-05-27 00:00:00.000	2022-08-31 00:00:00.000	2022-11-03 00:00:00.000	2023-01-18 00:00:00.000	2023-03-07 00:00:00.000	18	2022	2022-03-03 00:00:00.000			NULL		iec050159	2022-08-15 11:15:33.610
211	89	Modify	Warg 16	Warg 16	2022-01-19 00:00:00.000	Award	20153612219.08	843012	20101868142.52	2022	2022-05-27 00:00:00.000	2022-07-27 00:00:00.000	2022-10-11 00:00:00.000	2023-01-18 00:00:00.000	2023-03-07 00:00:00.000	18	2022	2022-03-03 00:00:00.000			NULL		iec050159	2022-08-15 11:15:46.753
212	92	Modify	WargW 14W	WargW 14W	2022-01-19 00:00:00.000	Award	8410092300.00	300000	8396532900.00	2022	2022-05-27 00:00:00.000	2022-07-27 00:00:00.000	2022-10-11 00:00:00.000	2023-01-18 00:00:00.000	2023-03-07 00:00:00.000	18	2022	2022-03-03 00:00:00.000			NULL		iec050159	2022-08-15 11:16:04.027
213	98	Add	TEST	TEST	2022-01-01 00:00:00.000	On-going	999999999.00	1234567	99999999.00	2022	2022-02-01 00:00:00.000	2022-03-01 00:00:00.000	2022-04-01 00:00:00.000	2022-05-01 00:00:00.000	2022-06-01 00:00:00.000	5	NULL	NULL			NULL		admin	2022-08-15 18:11:55.337
214	83	Modify	Slice2	Slice2	2017-03-21 00:00:00.000	Award	1619455500.00	100000	1606565700.00	2017	2017-05-31 00:00:00.000	2017-07-24 00:00:00.000	2017-12-22 00:00:00.000	2018-02-22 00:00:00.000	2018-03-26 00:00:00.000	36	2017	2017-11-07 00:00:00.000			NULL		iec050159	2022-08-16 10:16:03.937
215	73	Modify	PEPPER	PEPPER	2020-03-31 00:00:00.000	Award	3013200000.00	180000	3013200000.00	2020	2020-07-12 00:00:00.000	2020-09-11 00:00:00.000	2020-11-02 00:00:00.000	2021-02-05 00:00:00.000	2021-02-20 00:00:00.000	15	2020	2020-06-01 00:00:00.000			NULL		iec050159	2022-08-16 10:39:04.140
216	99	Add	GRIZZLY	GRIZZLY	2020-01-02 00:00:00.000	On-going	4882500000.00	250000	4864434750.00	2020	2020-05-22 00:00:00.000	2020-05-22 00:00:00.000	2020-07-20 00:00:00.000	2020-10-30 00:00:00.000	2020-11-06 00:00:00.000	14	NULL	NULL			NULL		iec050159	2022-08-16 10:39:38.920
217	100	Add	HOKKAIDO	HOKKAIDO	2020-01-02 00:00:00.000	On-going	1171800000.00	60000	1167464340.00	2020	2020-05-22 00:00:00.000	2020-05-22 00:00:00.000	2020-07-20 00:00:00.000	2020-10-30 00:00:00.000	2020-11-06 00:00:00.000	30	NULL	NULL			NULL		iec050159	2022-08-16 10:39:39.000
218	101	Add	GRIZZLY2	GRIZZLY2	2020-05-18 00:00:00.000	On-going	5859000000.00	300000	5835396600.00	2020	2020-07-10 00:00:00.000	2020-09-10 00:00:00.000	2020-11-26 00:00:00.000	2021-04-09 00:00:00.000	2021-04-16 00:00:00.000	18	NULL	NULL			NULL		iec050159	2022-08-16 10:39:39.093
219	99	Modify	GRIZZLY	GRIZZLY	2020-01-02 00:00:00.000	Award	4882500000.00	250000	4864434750.00	2020	2020-05-22 00:00:00.000	2020-05-22 00:00:00.000	2020-07-20 00:00:00.000	2020-10-30 00:00:00.000	2020-11-06 00:00:00.000	14	2020	2020-01-22 00:00:00.000			NULL		iec050159	2022-08-16 10:39:57.703
220	100	Modify	HOKKAIDO	HOKKAIDO	2020-01-02 00:00:00.000	Award	1171800000.00	60000	1167464340.00	2020	2020-05-22 00:00:00.000	2020-05-22 00:00:00.000	2020-07-20 00:00:00.000	2020-10-30 00:00:00.000	2020-11-06 00:00:00.000	30	2020	2020-01-22 00:00:00.000			NULL		iec050159	2022-08-16 10:40:07.357
221	101	Modify	GRIZZLY2	GRIZZLY2	2020-05-18 00:00:00.000	Award	5859000000.00	300000	5835396600.00	2020	2020-07-10 00:00:00.000	2020-09-10 00:00:00.000	2020-11-26 00:00:00.000	2021-04-09 00:00:00.000	2021-04-16 00:00:00.000	18	2020	2020-06-11 00:00:00.000			NULL		iec050159	2022-08-16 10:40:22.107
222	102	Add	CORVETTE13	CORVETTE13	2020-02-13 00:00:00.000	On-going	18476775000.00	1324500	18404346042.00	2020	2020-03-11 00:00:00.000	2020-03-11 00:00:00.000	2020-08-31 00:00:00.000	2020-12-07 00:00:00.000	2020-12-15 00:00:00.000	18	NULL	NULL			NULL		iec050159	2022-08-16 10:44:14.017
223	103	Add	CORVETTE14	CORVETTE14	2020-02-13 00:00:00.000	On-going	60166350000.00	4313000	59820995151.00	2020	2020-03-11 00:00:00.000	2020-03-11 00:00:00.000	2020-08-31 00:00:00.000	2020-12-07 00:00:00.000	2020-12-15 00:00:00.000	18	NULL	NULL			NULL		iec050159	2022-08-16 10:44:14.117
224	104	Add	OPEL	OPEL	2020-02-13 00:00:00.000	On-going	10781955000.00	772900	10665509886.00	2020	2020-06-02 00:00:00.000	2020-07-25 00:00:00.000	2020-09-20 00:00:00.000	2020-12-18 00:00:00.000	2020-12-25 00:00:00.000	18	NULL	NULL			NULL		iec050159	2022-08-16 10:44:14.217
225	105	Add	CORVETTE14L	CORVETTE14L	2020-02-13 00:00:00.000	On-going	5367960000.00	370000	5338332990.00	2020	2020-09-23 00:00:00.000	2020-09-23 00:00:00.000	2020-11-28 00:00:00.000	2021-03-18 00:00:00.000	2021-03-20 00:00:00.000	18	NULL	NULL			NULL		iec050159	2022-08-16 10:44:14.327
226	106	Add	CADILLAC15	CADILLAC15	2020-02-13 00:00:00.000	On-going	9680644350.00	693953	9635532547.33	2020	2020-04-14 00:00:00.000	2020-06-18 00:00:00.000	2020-09-05 00:00:00.000	2020-12-09 00:00:00.000	2020-12-15 00:00:00.000	18	NULL	NULL			NULL		iec050159	2022-08-16 10:44:14.437
227	107	Add	CORVETTEW14	CORVETTEW14	2020-02-13 00:00:00.000	On-going	2090002950.00	149821	2080681536.84	2020	2020-03-11 00:00:00.000	2020-03-11 00:00:00.000	2020-08-31 00:00:00.000	2020-12-07 00:00:00.000	2020-12-15 00:00:00.000	18	NULL	NULL			NULL		iec050159	2022-08-16 10:44:14.530
228	108	Add	CADILLACW15	CADILLACW15	2020-02-13 00:00:00.000	On-going	129274650.00	9267	128698085.06	2020	2020-04-14 00:00:00.000	2020-06-18 00:00:00.000	2020-09-05 00:00:00.000	2020-12-09 00:00:00.000	2020-12-15 00:00:00.000	18	NULL	NULL			NULL		iec050159	2022-08-16 10:44:14.643
229	109	Add	LANCIA13	LANCIA13	2020-02-13 00:00:00.000	On-going	1813500000.00	130000	1808059500.00	2020	2020-07-10 00:00:00.000	2020-09-10 00:00:00.000	2020-11-26 00:00:00.000	2021-03-31 00:00:00.000	2021-04-06 00:00:00.000	18	NULL	NULL			NULL		iec050159	2022-08-16 10:44:14.743
230	110	Add	LANCIA14	LANCIA14	2020-02-13 00:00:00.000	On-going	5022000000.00	360000	5006934000.00	2020	2020-07-10 00:00:00.000	2020-09-10 00:00:00.000	2020-11-26 00:00:00.000	2021-03-31 00:00:00.000	2021-04-06 00:00:00.000	18	NULL	NULL			NULL		iec050159	2022-08-16 10:44:14.843
231	111	Add	LANCIA15	LANCIA15	2020-02-13 00:00:00.000	On-going	2092500000.00	150000	2086222500.00	2020	2020-07-10 00:00:00.000	2020-09-10 00:00:00.000	2020-11-26 00:00:00.000	2021-03-31 00:00:00.000	2021-04-06 00:00:00.000	18	NULL	NULL			NULL		iec050159	2022-08-16 10:44:14.940
232	112	Add	CAMELLIA13	CAMELLIA13	2019-04-02 00:00:00.000	On-going	12555000000.00	900000	12508546500.00	2019	2019-07-02 00:00:00.000	2019-09-24 00:00:00.000	2020-02-22 00:00:00.000	2020-06-13 00:00:00.000	2020-06-22 00:00:00.000	18	NULL	NULL			NULL		iec050159	2022-08-16 10:44:44.413
233	113	Add	OLEANDER	OLEANDER	2019-04-02 00:00:00.000	On-going	9765000000.00	700000	9727111800.00	2019	2019-07-29 00:00:00.000	2019-09-24 00:00:00.000	2020-02-21 00:00:00.000	2020-06-30 00:00:00.000	2020-07-06 00:00:00.000	18	NULL	NULL			NULL		iec050159	2022-08-16 10:46:06.597
234	114	Add	LINDEN13	LINDEN13	2019-04-02 00:00:00.000	On-going	837000000.00	60000	834489000.00	2019	2019-08-26 00:00:00.000	2019-12-11 00:00:00.000	2020-03-19 00:00:00.000	2020-08-07 00:00:00.000	2020-08-14 00:00:00.000	18	NULL	NULL			NULL		iec050159	2022-08-16 10:46:06.683
235	115	Add	LOCHNESS	LOCHNESS	2019-04-02 00:00:00.000	On-going	558000000.00	40000	556326000.00	2019	2019-08-26 00:00:00.000	2019-12-11 00:00:00.000	2020-03-19 00:00:00.000	2020-08-07 00:00:00.000	2020-08-14 00:00:00.000	18	NULL	NULL			NULL		iec050159	2022-08-16 10:46:06.777
236	116	Add	LINDEN14	LINDEN14	2019-04-02 00:00:00.000	On-going	2790000000.00	200000	2781630000.00	2019	2019-08-26 00:00:00.000	2019-12-11 00:00:00.000	2020-03-19 00:00:00.000	2020-08-07 00:00:00.000	2020-08-14 00:00:00.000	18	NULL	NULL			NULL		iec050159	2022-08-16 10:46:06.873
237	117	Add	LINDEN15	LINDEN15	2019-04-02 00:00:00.000	On-going	837000000.00	60000	834489000.00	2019	2019-08-26 00:00:00.000	2019-12-11 00:00:00.000	2020-03-19 00:00:00.000	2020-08-07 00:00:00.000	2020-08-14 00:00:00.000	18	NULL	NULL			NULL		iec050159	2022-08-16 10:46:06.953
238	106	Modify	CADILLAC15	CADILLAC15	2020-02-13 00:00:00.000	Award	9680644350.00	693953	9635532547.33	2020	2020-04-14 00:00:00.000	2020-06-18 00:00:00.000	2020-09-05 00:00:00.000	2020-12-09 00:00:00.000	2020-12-15 00:00:00.000	18	2020	2020-02-24 00:00:00.000			NULL		iec050159	2022-08-16 10:46:32.390
239	108	Modify	CADILLACW15	CADILLACW15	2020-02-13 00:00:00.000	Award	129274650.00	9267	128698085.06	2020	2020-04-14 00:00:00.000	2020-06-18 00:00:00.000	2020-09-05 00:00:00.000	2020-12-09 00:00:00.000	2020-12-15 00:00:00.000	18	2020	2020-02-24 00:00:00.000			NULL		iec050159	2022-08-16 10:46:46.473
240	112	Modify	CAMELLIA13	CAMELLIA13	2019-04-02 00:00:00.000	Award	12555000000.00	900000	12508546500.00	2019	2019-07-02 00:00:00.000	2019-09-24 00:00:00.000	2020-02-22 00:00:00.000	2020-06-13 00:00:00.000	2020-06-22 00:00:00.000	18	2019	2019-06-01 00:00:00.000			NULL		iec050159	2022-08-16 10:47:01.860
241	102	Modify	CORVETTE13	CORVETTE13	2020-02-13 00:00:00.000	Award	18476775000.00	1324500	18404346042.00	2020	2020-03-11 00:00:00.000	2020-03-11 00:00:00.000	2020-08-31 00:00:00.000	2020-12-07 00:00:00.000	2020-12-15 00:00:00.000	18	2020	2020-02-24 00:00:00.000			NULL		iec050159	2022-08-16 10:48:47.250
242	103	Modify	CORVETTE14	CORVETTE14	2020-02-13 00:00:00.000	Award	60166350000.00	4313000	59820995151.00	2020	2020-03-11 00:00:00.000	2020-03-11 00:00:00.000	2020-08-31 00:00:00.000	2020-12-07 00:00:00.000	2020-12-15 00:00:00.000	18	2020	2020-02-24 00:00:00.000			NULL		iec050159	2022-08-16 10:48:57.063
243	105	Modify	CORVETTE14L	CORVETTE14L	2020-02-13 00:00:00.000	Award	5367960000.00	370000	5338332990.00	2020	2020-09-23 00:00:00.000	2020-09-23 00:00:00.000	2020-11-28 00:00:00.000	2021-03-18 00:00:00.000	2021-03-20 00:00:00.000	18	2020	2020-02-24 00:00:00.000			NULL		iec050159	2022-08-16 10:49:09.583
244	107	Modify	CORVETTEW14	CORVETTEW14	2020-02-13 00:00:00.000	Award	2090002950.00	149821	2080681536.84	2020	2020-03-11 00:00:00.000	2020-03-11 00:00:00.000	2020-08-31 00:00:00.000	2020-12-07 00:00:00.000	2020-12-15 00:00:00.000	18	2020	2020-02-24 00:00:00.000			NULL		iec050159	2022-08-16 10:49:21.583
245	109	Modify	LANCIA13	LANCIA13	2020-02-13 00:00:00.000	Award	1813500000.00	130000	1808059500.00	2020	2020-07-10 00:00:00.000	2020-09-10 00:00:00.000	2020-11-26 00:00:00.000	2021-03-31 00:00:00.000	2021-04-06 00:00:00.000	18	2020	2020-02-24 00:00:00.000			NULL		iec050159	2022-08-16 10:49:36.310
246	110	Modify	LANCIA14	LANCIA14	2020-02-13 00:00:00.000	Award	5022000000.00	360000	5006934000.00	2020	2020-07-10 00:00:00.000	2020-09-10 00:00:00.000	2020-11-26 00:00:00.000	2021-03-31 00:00:00.000	2021-04-06 00:00:00.000	18	2020	2020-02-24 00:00:00.000			NULL		iec050159	2022-08-16 10:49:48.150
247	111	Modify	LANCIA15	LANCIA15	2020-02-13 00:00:00.000	Award	2092500000.00	150000	2086222500.00	2020	2020-07-10 00:00:00.000	2020-09-10 00:00:00.000	2020-11-26 00:00:00.000	2021-03-31 00:00:00.000	2021-04-06 00:00:00.000	18	2020	2020-02-24 00:00:00.000			NULL		iec050159	2022-08-16 10:49:59.337
248	114	Modify	LINDEN13	LINDEN13	2019-04-02 00:00:00.000	Award	837000000.00	60000	834489000.00	2019	2019-08-26 00:00:00.000	2019-12-11 00:00:00.000	2020-03-19 00:00:00.000	2020-08-07 00:00:00.000	2020-08-14 00:00:00.000	18	2019	2019-06-01 00:00:00.000			NULL		iec050159	2022-08-16 10:54:01.253
249	116	Modify	LINDEN14	LINDEN14	2019-04-02 00:00:00.000	Award	2790000000.00	200000	2781630000.00	2019	2019-08-26 00:00:00.000	2019-12-11 00:00:00.000	2020-03-19 00:00:00.000	2020-08-07 00:00:00.000	2020-08-14 00:00:00.000	18	2019	2019-06-01 00:00:00.000			NULL		iec050159	2022-08-16 10:54:11.817
250	117	Modify	LINDEN15	LINDEN15	2019-04-02 00:00:00.000	Award	837000000.00	60000	834489000.00	2019	2019-08-26 00:00:00.000	2019-12-11 00:00:00.000	2020-03-19 00:00:00.000	2020-08-07 00:00:00.000	2020-08-14 00:00:00.000	18	2019	2019-06-01 00:00:00.000			NULL		iec050159	2022-08-16 10:54:23.810
251	115	Modify	LOCHNESS	LOCHNESS	2019-04-02 00:00:00.000	Award	558000000.00	40000	556326000.00	2019	2019-08-26 00:00:00.000	2019-12-11 00:00:00.000	2020-03-19 00:00:00.000	2020-08-07 00:00:00.000	2020-08-14 00:00:00.000	18	2019	2019-06-01 00:00:00.000			NULL		iec050159	2022-08-16 10:54:37.173
252	113	Modify	OLEANDER	OLEANDER	2019-04-02 00:00:00.000	Award	9765000000.00	700000	9727111800.00	2019	2019-07-29 00:00:00.000	2019-09-24 00:00:00.000	2020-02-21 00:00:00.000	2020-06-30 00:00:00.000	2020-07-06 00:00:00.000	18	2019	2019-06-01 00:00:00.000			NULL		iec050159	2022-08-16 10:54:56.350
253	104	Modify	OPEL	OPEL	2020-02-13 00:00:00.000	Award	10781955000.00	772900	10665509886.00	2020	2020-06-02 00:00:00.000	2020-07-25 00:00:00.000	2020-09-20 00:00:00.000	2020-12-18 00:00:00.000	2020-12-25 00:00:00.000	18	2020	2020-02-24 00:00:00.000			NULL		iec050159	2022-08-16 10:55:12.050
254	105	Modify	CORVETTE14L	CORVETTE14L	2020-02-13 00:00:00.000	Award	5367960000.00	370000	5338332990.00	2020	2020-09-23 00:00:00.000	2020-09-23 00:00:00.000	2020-11-28 00:00:00.000	2021-03-18 00:00:00.000	2021-03-20 00:00:00.000	15	2020	2020-02-24 00:00:00.000			NULL		iec050159	2022-08-16 11:49:29.007
255	123	Add	RCTO-Docking	RCTO-Docking	2022-01-01 00:00:00.000	On-going	0.00	1661608	0.00	2022	2022-01-01 00:00:00.000	2022-01-01 00:00:00.000	2022-01-01 00:00:00.000	2022-01-01 00:00:00.000	2022-01-01 00:00:00.000	12	NULL	NULL			NULL		admin	2022-08-23 17:19:23.480
256	124	Add	RCTO-NB	RCTO-NB	2022-01-01 00:00:00.000	On-going	0.00	562234	0.00	2022	2022-01-01 00:00:00.000	2022-01-01 00:00:00.000	2022-01-01 00:00:00.000	2022-01-01 00:00:00.000	2022-01-01 00:00:00.000	12	NULL	NULL			NULL		admin	2022-08-23 17:24:45.557
257	123	Modify	RCTO-Docking	RCTO-Docking	2022-01-01 00:00:00.000	Award	0.00	1661608	0.00	2022	2022-01-01 00:00:00.000	2022-01-01 00:00:00.000	2022-01-01 00:00:00.000	2022-01-01 00:00:00.000	2022-01-01 00:00:00.000	12	2022	2022-01-01 00:00:00.000			NULL		admin	2022-08-23 17:25:38.027
258	124	Modify	RCTO-NB	RCTO-NB	2022-01-01 00:00:00.000	Award	0.00	562234	0.00	2022	2022-01-01 00:00:00.000	2022-01-01 00:00:00.000	2022-01-01 00:00:00.000	2022-01-01 00:00:00.000	2022-01-01 00:00:00.000	12	2022	2022-01-01 00:00:00.000			NULL		admin	2022-08-23 17:27:50.490
259	125	Add	RCTO-TC	RCTO-TC	2022-01-01 00:00:00.000	On-going	0.00	19356	0.00	2022	2022-01-01 00:00:00.000	2022-01-01 00:00:00.000	2022-01-01 00:00:00.000	2022-01-01 00:00:00.000	2022-01-01 00:00:00.000	12	NULL	NULL			NULL		admin	2022-08-23 17:28:44.210
260	126	Add	RCTO-AIO	RCTO-AIO	2022-01-01 00:00:00.000	On-going	0.00	15128	0.00	2022	2022-01-01 00:00:00.000	2022-01-01 00:00:00.000	2022-01-01 00:00:00.000	2022-01-01 00:00:00.000	2022-01-01 00:00:00.000	12	NULL	NULL			NULL		admin	2022-08-23 17:28:44.310
261	125	Modify	RCTO-TC	RCTO-TC	2022-01-01 00:00:00.000	Award	0.00	19356	0.00	2022	2022-01-01 00:00:00.000	2022-01-01 00:00:00.000	2022-01-01 00:00:00.000	2022-01-01 00:00:00.000	2022-01-01 00:00:00.000	12	2022	2022-01-01 00:00:00.000			NULL		admin	2022-08-23 17:29:11.980
262	126	Modify	RCTO-AIO	RCTO-AIO	2022-01-01 00:00:00.000	Award	0.00	15128	0.00	2022	2022-01-01 00:00:00.000	2022-01-01 00:00:00.000	2022-01-01 00:00:00.000	2022-01-01 00:00:00.000	2022-01-01 00:00:00.000	12	2022	2022-01-01 00:00:00.000			NULL		admin	2022-08-23 17:29:22.650
263	67	Modify	WARPATH14LX	WARPATH14LX	2020-11-21 00:00:00.000	Award	6321403441.00	224635	6285366372.00	2021	2021-04-14 00:00:00.000	2021-06-09 00:00:00.000	2021-12-15 00:00:00.000	2022-02-21 00:00:00.000	2022-05-20 00:00:00.000	18	2021	2021-01-26 00:00:00.000			NULL		iec050159	2022-08-25 13:47:56.023
264	66	Modify	WARPATH14L	WARPATH14L	2020-11-21 00:00:00.000	Award	9151707780.00	374450	9102083794.00	2021	2021-03-12 00:00:00.000	2021-05-28 00:00:00.000	2021-10-29 00:00:00.000	2022-02-21 00:00:00.000	2022-05-20 00:00:00.000	18	2021	2021-01-26 00:00:00.000			NULL		iec050159	2022-08-25 14:55:42.743
268	128	Add	PAT77	PAT77	2020-02-02 00:00:00.000	Award	0.00	333333333	666666666.00	2020	2020-03-01 00:00:00.000	2020-06-01 00:00:00.000	2020-08-01 00:00:00.000	2020-10-01 00:00:00.000	2020-12-30 00:00:00.000	18	NULL	NULL			Y		IEC070511	2022-08-26 16:48:26.590
269	128	Modify	PAT77	PAT77	2020-02-02 00:00:00.000	Award	0.00	333444333	0.00	2020	2020-03-01 00:00:00.000	2020-06-01 00:00:00.000	2020-08-01 00:00:00.000	2020-10-01 00:00:00.000	2020-12-30 00:00:00.000	18	NULL	NULL			Y		IEC070511	2022-08-26 16:53:50.797
270	129	Add	RCTO-Docking	RCTO-Docking	2022-01-01 00:00:00.000	Award	0.00	1661608	0.00	2022	2022-01-01 00:00:00.000	2022-01-01 00:00:00.000	2022-01-01 00:00:00.000	2022-01-01 00:00:00.000	2022-01-01 00:00:00.000	12	NULL	NULL			Y		admin	2022-08-29 18:00:59.790
271	130	Add	RCTO-Docking	RCTO-Docking	2022-01-01 00:00:00.000	Award	0.00	1661608	0.00	2022	2022-01-01 00:00:00.000	2022-01-01 00:00:00.000	2022-01-01 00:00:00.000	2022-01-01 00:00:00.000	2022-01-01 00:00:00.000	12	NULL	NULL			Y		admin	2022-08-29 18:26:56.370
272	131	Add	AdicoraR	AdicoraR	2022-02-01 00:00:00.000	On-going	6341781600.00	3300000	6011250300.00	2022	2022-04-01 00:00:00.000	2022-04-01 00:00:00.000	2022-04-01 00:00:00.000	2022-09-05 00:00:00.000	2022-09-16 00:00:00.000	28	NULL	NULL			NULL		IEC050159	2022-08-30 17:06:18.397
273	132	Add	CAMELLIA	CAMELLIA	2019-04-02 00:00:00.000	On-going	125550000000.00	9000000	125085465000.00	2019	2019-07-02 00:00:00.000	2019-09-24 00:00:00.000	2020-02-22 00:00:00.000	2020-06-13 00:00:00.000	2020-06-22 00:00:00.000	23	NULL	NULL			NULL		IEC050159	2022-08-30 17:44:07.687
274	132	Modify	CAMELLIA	CAMELLIA	2019-04-02 00:00:00.000	Award	125550000000.00	9000000	125085465000.00	2019	2019-07-02 00:00:00.000	2019-09-24 00:00:00.000	2020-02-22 00:00:00.000	2020-06-13 00:00:00.000	2020-06-22 00:00:00.000	23	2019	2019-06-01 00:00:00.000					IEC050159	2022-08-30 17:44:27.780
275	131	Modify	AdicoraR	AdicoraR	2022-02-01 00:00:00.000	Award	6341781600.00	3300000	6011250300.00	2022	2022-04-01 00:00:00.000	2022-04-01 00:00:00.000	2022-04-01 00:00:00.000	2022-09-05 00:00:00.000	2022-09-16 00:00:00.000	28	2022	2022-02-28 00:00:00.000					IEC050159	2022-08-30 17:45:17.370
276	68	Modify	LOCKHEED13	LOCKHEED13	2020-11-21 00:00:00.000	Award	4995798217.20	226800	4978333710.00	2021	2021-04-12 00:00:00.000	2021-09-25 00:00:00.000	2021-12-17 00:00:00.000	2022-04-28 00:00:00.000	2022-04-28 00:00:00.000	18	2021	2021-01-26 00:00:00.000					IEC050159	2022-08-30 17:47:51.510
277	69	Modify	LOCKHEED14	LOCKHEED14	2020-11-21 00:00:00.000	Award	18788266224.00	819000	18760617603.00	2021	2021-04-12 00:00:00.000	2021-09-25 00:00:00.000	2021-12-17 00:00:00.000	2022-04-28 00:00:00.000	2022-04-28 00:00:00.000	18	2021	2021-01-26 00:00:00.000					IEC050159	2022-08-30 17:49:12.857
278	70	Modify	LOCKHEED16	LOCKHEED16	2020-11-21 00:00:00.000	Award	5971740552.00	244800	5949338414.40	2021	2021-04-12 00:00:00.000	2021-09-25 00:00:00.000	2021-12-17 00:00:00.000	2022-04-28 00:00:00.000	2022-04-28 00:00:00.000	18	2021	2021-01-26 00:00:00.000					IEC050159	2022-08-30 17:49:36.177
279	65	Modify	POWDERKEG	POWDERKEG	2020-11-21 00:00:00.000	Award	12014416854.00	474000	11938375404.00	2021	2021-04-14 00:00:00.000	2021-06-09 00:00:00.000	2021-12-15 00:00:00.000	2022-05-20 00:00:00.000	2022-05-20 00:00:00.000	18	2021	2021-01-26 00:00:00.000					IEC050159	2022-08-30 17:50:35.593
280	60	Modify	WARPATH13	WARPATH13	2020-11-21 00:00:00.000	Award	20034632926.87	914854	19955762448.68	2021	2021-03-12 00:00:00.000	2021-05-28 00:00:00.000	2021-10-29 00:00:00.000	2022-04-01 00:00:00.000	2022-05-20 00:00:00.000	18	2021	2021-01-26 00:00:00.000					IEC050159	2022-08-30 17:53:16.240
281	61	Modify	WARPATH14	WARPATH14	2020-11-21 00:00:00.000	Award	57375771302.39	2568833	57035336709.06	2021	2021-03-12 00:00:00.000	2021-05-28 00:00:00.000	2021-10-29 00:00:00.000	2022-04-01 00:00:00.000	2022-05-20 00:00:00.000	18	2021	2021-01-26 00:00:00.000					IEC050159	2022-08-30 17:53:37.773
282	66	Modify	WARPATH14L	WARPATH14L	2020-11-21 00:00:00.000	Award	9151707780.00	374450	9102083794.00	2021	2021-03-12 00:00:00.000	2021-05-28 00:00:00.000	2021-10-29 00:00:00.000	2022-04-01 00:00:00.000	2022-05-20 00:00:00.000	18	2021	2021-01-26 00:00:00.000					IEC050159	2022-08-30 17:54:06.307
283	67	Modify	WARPATH14LX	WARPATH14LX	2020-11-21 00:00:00.000	Award	6321403441.00	224635	6285366372.00	2021	2021-04-14 00:00:00.000	2021-06-09 00:00:00.000	2021-12-15 00:00:00.000	2022-04-01 00:00:00.000	2022-05-20 00:00:00.000	18	2021	2021-01-26 00:00:00.000					IEC050159	2022-08-30 17:54:41.707
284	62	Modify	WARPATH16	WARPATH16	2020-11-21 00:00:00.000	Award	14245101893.80	595863	14168462590.60	2021	2021-03-12 00:00:00.000	2021-05-28 00:00:00.000	2021-10-29 00:00:00.000	2022-04-01 00:00:00.000	2022-05-20 00:00:00.000	18	2021	2021-01-26 00:00:00.000					IEC050159	2022-08-30 17:55:09.603
285	63	Modify	WARPATHW14	WARPATHW14	2020-11-21 00:00:00.000	Award	5622006534.35	200545	5595429308.22	2021	2021-03-12 00:00:00.000	2021-05-28 00:00:00.000	2021-10-29 00:00:00.000	2022-04-01 00:00:00.000	2022-05-20 00:00:00.000	18	2021	2021-01-26 00:00:00.000					IEC050159	2022-08-30 17:55:38.363
286	64	Modify	WARPATHW16	WARPATHW16	2020-11-21 00:00:00.000	Award	3247921619.71	108724	3233937647.56	2021	2021-03-12 00:00:00.000	2021-05-28 00:00:00.000	2021-10-29 00:00:00.000	2022-04-01 00:00:00.000	2022-05-20 00:00:00.000	18	2021	2021-01-26 00:00:00.000					IEC050159	2022-08-30 17:55:55.153
287	65	Modify	POWDERKEG	POWDERKEG	2020-11-21 00:00:00.000	Award	12014416854.00	474000	11938375404.00	2021	2021-04-14 00:00:00.000	2021-06-09 00:00:00.000	2021-12-15 00:00:00.000	2022-04-01 00:00:00.000	2022-05-20 00:00:00.000	18	2021	2021-01-26 00:00:00.000					IEC050159	2022-08-30 17:56:32.593
288	68	Modify	LOCKHEED13	LOCKHEED13	2020-11-21 00:00:00.000	Award	4995798217.20	226800	4978333710.00	2021	2021-04-12 00:00:00.000	2021-09-25 00:00:00.000	2021-12-17 00:00:00.000	2022-04-01 00:00:00.000	2022-04-28 00:00:00.000	18	2021	2021-01-26 00:00:00.000					IEC050159	2022-08-30 17:56:48.670
289	69	Modify	LOCKHEED14	LOCKHEED14	2020-11-21 00:00:00.000	Award	18788266224.00	819000	18760617603.00	2021	2021-04-12 00:00:00.000	2021-09-25 00:00:00.000	2021-12-17 00:00:00.000	2022-04-01 00:00:00.000	2022-04-28 00:00:00.000	18	2021	2021-01-26 00:00:00.000					IEC050159	2022-08-30 17:57:01.480
290	70	Modify	LOCKHEED16	LOCKHEED16	2020-11-21 00:00:00.000	Award	5971740552.00	244800	5949338414.40	2021	2021-04-12 00:00:00.000	2021-09-25 00:00:00.000	2021-12-17 00:00:00.000	2022-04-01 00:00:00.000	2022-04-28 00:00:00.000	18	2021	2021-01-26 00:00:00.000					IEC050159	2022-08-30 17:57:18.120
291	49	Modify	Hook	Hook	2016-10-07 00:00:00.000	Award	8046862200.00	8100000	7967793600.00	2017	2017-02-21 00:00:00.000	2017-07-14 00:00:00.000	2017-10-30 00:00:00.000	2018-05-07 00:00:00.000	2018-05-08 00:00:00.000	54	2018	2018-03-23 00:00:00.000					IEC050159	2022-08-30 17:58:46.623
292	85	Modify	Adicora	Adicora	2018-07-02 00:00:00.000	Award	4391995959.00	5917000	4238920098.00	2018	2018-10-22 00:00:00.000	2019-01-04 00:00:00.000	2019-03-12 00:00:00.000	2019-07-03 00:00:00.000	2019-07-09 00:00:00.000	60	2018	2018-09-12 00:00:00.000					IEC050159	2022-08-30 17:59:23.130
293	30	Modify	2022-EMS	2022-EMS	2020-10-07 00:00:00.000	Award	16844625000.00	690000	16517358000.00	2021	2021-05-26 00:00:00.000	2021-09-28 00:00:00.000	2021-11-21 00:00:00.000	2022-01-15 00:00:00.000	2022-01-26 00:00:00.000	12	2020	2020-12-29 00:00:00.000					IEC940917	2022-09-05 15:22:29.870
294	31	Modify	2022-Strix	2022-Strix	2020-10-07 00:00:00.000	Award	20966850000.00	900000	20514870000.00	2021	2021-07-08 00:00:00.000	2021-09-27 00:00:00.000	2021-11-18 00:00:00.000	2022-01-10 00:00:00.000	2022-01-24 00:00:00.000	12	2020	2020-12-29 00:00:00.000					IEC940917	2022-09-05 15:28:49.107